#
# There is insufficient memory for the Java Runtime Environment to continue.
# Native memory allocation (mmap) failed to map 335544320 bytes. Error detail: G1 virtual space
# Possible reasons:
#   The system is out of physical RAM or swap space
#   This process is running with CompressedOops enabled, and the Java Heap may be blocking the growth of the native heap
# Possible solutions:
#   Reduce memory load on the system
#   Increase physical memory or swap space
#   Check if swap backing store is full
#   Decrease Java heap size (-Xmx/-Xms)
#   Decrease number of Java threads
#   Decrease Java thread stack sizes (-Xss)
#   Set larger code cache with -XX:ReservedCodeCacheSize=
#   JVM is running with Unscaled Compressed Oops mode in which the Java heap is
#     placed in the first 4GB address space. The Java Heap base address is the
#     maximum limit for the native heap growth. Please use -XX:HeapBaseMinAddress
#     to set the Java Heap base and to place the Java Heap above 4GB virtual address.
# This output file may be truncated or incomplete.
#
#  Out of Memory Error (os_windows.cpp:3702), pid=55492, tid=51104
#
# JRE version: OpenJDK Runtime Environment Microsoft-14940689 (17.0.20.1+1) (build 17.0.20.1+1-LTS)
# Java VM: OpenJDK 64-Bit Server VM Microsoft-14940689 (17.0.20.1+1-LTS, mixed mode, sharing, tiered, compressed oops, compressed class ptrs, g1 gc, windows-amd64)
# No core dump will be written. Minidumps are not enabled by default on client versions of Windows
#

---------------  S U M M A R Y ------------

Command Line: --add-opens=java.base/java.lang=ALL-UNNAMED --add-opens=java.base/java.lang.invoke=ALL-UNNAMED --add-opens=java.base/java.util=ALL-UNNAMED --add-opens=java.prefs/java.util.prefs=ALL-UNNAMED --add-exports=jdk.compiler/com.sun.tools.javac.api=ALL-UNNAMED --add-exports=jdk.compiler/com.sun.tools.javac.util=ALL-UNNAMED --add-opens=java.base/java.util=ALL-UNNAMED --add-opens=java.prefs/java.util.prefs=ALL-UNNAMED --add-opens=java.base/java.nio.charset=ALL-UNNAMED --add-opens=java.base/java.net=ALL-UNNAMED --add-opens=java.base/java.util.concurrent.atomic=ALL-UNNAMED --add-opens=java.xml/javax.xml.namespace=ALL-UNNAMED -Xmx2g -Dfile.encoding=UTF-8 -Duser.country=CN -Duser.language=zh -Duser.variant -javaagent:C:\Users\Eason\.gradle\wrapper\dists\gradle-8.13-bin\5xuhj0ry160q40clulazy9h7d\gradle-8.13\lib\agents\gradle-instrumentation-agent-8.13.jar org.gradle.launcher.daemon.bootstrap.GradleDaemon 8.13

Host: 12th Gen Intel(R) Core(TM) i5-12500H, 16 cores, 15G,  Windows 11 , 64 bit Build 26090 (10.0.26090.1)
Time: Fri Sep 11 16:55:05 2026  Windows 11 , 64 bit Build 26090 (10.0.26090.1) elapsed time: 23.985391 seconds (0d 0h 0m 23s)

---------------  T H R E A D  ---------------

Current thread (0x0000024d5dd16870):  VMThread "VM Thread" [stack: 0x000000b3d0a00000,0x000000b3d0b00000] [id=51104]

Stack: [0x000000b3d0a00000,0x000000b3d0b00000]
Native frames: (J=compiled Java code, j=interpreted, Vv=VM code, C=native code)
V  [jvm.dll+0x68d159]  (no source info available)
V  [jvm.dll+0x8462c9]  (no source info available)
V  [jvm.dll+0x84803b]  (no source info available)
V  [jvm.dll+0x8486c3]  (no source info available)
V  [jvm.dll+0x24d12f]  (no source info available)
V  [jvm.dll+0x68c559]  (no source info available)
V  [jvm.dll+0x68084a]  (no source info available)
V  [jvm.dll+0x3103f0]  (no source info available)
V  [jvm.dll+0x310292]  (no source info available)
V  [jvm.dll+0x317809]  (no source info available)
V  [jvm.dll+0x369b89]  (no source info available)
V  [jvm.dll+0x369dbd]  (no source info available)
V  [jvm.dll+0x2e6bfa]  (no source info available)
V  [jvm.dll+0x2e4ff1]  (no source info available)
V  [jvm.dll+0x2e478c]  (no source info available)
V  [jvm.dll+0x3290db]  (no source info available)
V  [jvm.dll+0x84cf4d]  (no source info available)
V  [jvm.dll+0x84dc63]  (no source info available)
V  [jvm.dll+0x84e194]  (no source info available)
V  [jvm.dll+0x84e578]  (no source info available)
V  [jvm.dll+0x84e66e]  (no source info available)
V  [jvm.dll+0x7f67dc]  (no source info available)
V  [jvm.dll+0x68e6f7]  (no source info available)
C  [ucrtbase.dll+0x43570]  (no source info available)
C  [KERNEL32.DLL+0x31fd7]  (no source info available)
C  [ntdll.dll+0x6d9c0]  (no source info available)

VM_Operation (0x000000b3d63faa70): G1CollectForAllocation, mode: safepoint, requested by thread 0x0000024da55ff430


---------------  P R O C E S S  ---------------

Threads class SMR info:
_java_thread_list=0x0000024da8afadd0, length=90, elements={
0x0000024d3f93f2b0, 0x0000024d5dd210e0, 0x0000024d5dd23ac0, 0x0000024d5dd2e3f0,
0x0000024d5dd2ecc0, 0x0000024d5dd2f590, 0x0000024d5dd2fe60, 0x0000024d5dd30a60,
0x0000024d5dd35440, 0x0000024d5dd35d50, 0x0000024d5dd081e0, 0x0000024d5ec2ff40,
0x0000024da5c7ee50, 0x0000024da5ff3a00, 0x0000024da5249b60, 0x0000024da572f1e0,
0x0000024da5b69340, 0x0000024da642c850, 0x0000024da5a84790, 0x0000024da5ec58f0,
0x0000024da5ec3580, 0x0000024da5ec4ed0, 0x0000024da5ec3fa0, 0x0000024da5ec49c0,
0x0000024da5ec5e00, 0x0000024da5ec3a90, 0x0000024da5ec6310, 0x0000024da5ec6820,
0x0000024da5ec3070, 0x0000024daa1a7d30, 0x0000024daa1a5ed0, 0x0000024daa1a54b0,
0x0000024daa1a63e0, 0x0000024daa1a8240, 0x0000024daa1a8750, 0x0000024daa1a8c60,
0x0000024daa1a9170, 0x0000024daa1a59c0, 0x0000024daa1a68f0, 0x0000024daa1a9680,
0x0000024daa1a9b90, 0x0000024daa1aa0a0, 0x0000024daa1aa5b0, 0x0000024daa1a6e00,
0x0000024daa1ab9f0, 0x0000024daa1ac410, 0x0000024daa1ac920, 0x0000024daa1aaac0,
0x0000024daa1abf00, 0x0000024daa1ab4e0, 0x0000024da6c6e800, 0x0000024da9c8ffd0,
0x0000024da9c8e170, 0x0000024da9c8f5b0, 0x0000024da9c8fac0, 0x0000024da9c904e0,
0x0000024da9c8dc60, 0x0000024da9c909f0, 0x0000024da9c8d750, 0x0000024da9c8e680,
0x0000024da9c8d240, 0x0000024da9c8eb90, 0x0000024da6c71280, 0x0000024da9c8f0a0,
0x0000024da55fd5d0, 0x0000024da4ec6240, 0x0000024da55fe500, 0x0000024da55fea10,
0x0000024da4ec5250, 0x0000024da55ffe50, 0x0000024da55ff940, 0x0000024da5600360,
0x0000024da55fcbb0, 0x0000024da55ff430, 0x0000024da5600d80, 0x0000024da5600870,
0x0000024da5601290, 0x0000024da55fdae0, 0x0000024da56017a0, 0x0000024da55fdff0,
0x0000024da5603b10, 0x0000024da5601cb0, 0x0000024da56030f0, 0x0000024da5604020,
0x0000024da4ec57a0, 0x0000024da4ec7780, 0x0000024da4ec7cd0, 0x0000024da4ec6790,
0x0000024da4ec4260, 0x0000024da4ec5cf0
}

Java Threads: ( => current thread )
  0x0000024d3f93f2b0 JavaThread "main" [_thread_blocked, id=8608, stack(0x000000b3d0400000,0x000000b3d0500000)]
  0x0000024d5dd210e0 JavaThread "Reference Handler" daemon [_thread_blocked, id=62712, stack(0x000000b3d0b00000,0x000000b3d0c00000)]
  0x0000024d5dd23ac0 JavaThread "Finalizer" daemon [_thread_blocked, id=41948, stack(0x000000b3d0c00000,0x000000b3d0d00000)]
  0x0000024d5dd2e3f0 JavaThread "Signal Dispatcher" daemon [_thread_blocked, id=14004, stack(0x000000b3d0d00000,0x000000b3d0e00000)]
  0x0000024d5dd2ecc0 JavaThread "Attach Listener" daemon [_thread_blocked, id=60120, stack(0x000000b3d0e00000,0x000000b3d0f00000)]
  0x0000024d5dd2f590 JavaThread "Service Thread" daemon [_thread_blocked, id=34792, stack(0x000000b3d0f00000,0x000000b3d1000000)]
  0x0000024d5dd2fe60 JavaThread "Monitor Deflation Thread" daemon [_thread_blocked, id=65476, stack(0x000000b3d1000000,0x000000b3d1100000)]
  0x0000024d5dd30a60 JavaThread "C2 CompilerThread0" daemon [_thread_in_native, id=60520, stack(0x000000b3d1100000,0x000000b3d1200000)]
  0x0000024d5dd35440 JavaThread "C1 CompilerThread0" daemon [_thread_blocked, id=67204, stack(0x000000b3d1200000,0x000000b3d1300000)]
  0x0000024d5dd35d50 JavaThread "Sweeper thread" daemon [_thread_blocked, id=47228, stack(0x000000b3d1300000,0x000000b3d1400000)]
  0x0000024d5dd081e0 JavaThread "Common-Cleaner" daemon [_thread_blocked, id=55156, stack(0x000000b3d1400000,0x000000b3d1500000)]
  0x0000024d5ec2ff40 JavaThread "Notification Thread" daemon [_thread_blocked, id=56116, stack(0x000000b3d1a00000,0x000000b3d1b00000)]
  0x0000024da5c7ee50 JavaThread "Daemon health stats" [_thread_blocked, id=67540, stack(0x000000b3d1900000,0x000000b3d1a00000)]
  0x0000024da5ff3a00 JavaThread "Incoming local TCP Connector on port 50408" [_thread_in_native, id=58352, stack(0x000000b3d1800000,0x000000b3d1900000)]
  0x0000024da5249b60 JavaThread "Daemon periodic checks" [_thread_blocked, id=62488, stack(0x000000b3d1d00000,0x000000b3d1e00000)]
  0x0000024da572f1e0 JavaThread "Daemon" [_thread_blocked, id=44496, stack(0x000000b3d2300000,0x000000b3d2400000)]
  0x0000024da5b69340 JavaThread "Handler for socket connection from /127.0.0.1:50408 to /127.0.0.1:50409" [_thread_in_native, id=63412, stack(0x000000b3d2400000,0x000000b3d2500000)]
  0x0000024da642c850 JavaThread "Cancel handler" [_thread_blocked, id=2724, stack(0x000000b3d2500000,0x000000b3d2600000)]
  0x0000024da5a84790 JavaThread "Daemon worker" [_thread_blocked, id=58596, stack(0x000000b3d2600000,0x000000b3d2700000)]
  0x0000024da5ec58f0 JavaThread "Asynchronous log dispatcher for DefaultDaemonConnection: socket connection from /127.0.0.1:50408 to /127.0.0.1:50409" [_thread_blocked, id=42028, stack(0x000000b3d2700000,0x000000b3d2800000)]
  0x0000024da5ec3580 JavaThread "Stdin handler" [_thread_blocked, id=65060, stack(0x000000b3d2800000,0x000000b3d2900000)]
  0x0000024da5ec4ed0 JavaThread "Daemon client event forwarder" [_thread_blocked, id=65124, stack(0x000000b3d2900000,0x000000b3d2a00000)]
  0x0000024da5ec3fa0 JavaThread "Cache worker for journal cache (C:\Users\Eason\Documents\Codex\fold-poc\.gradle-local3\caches\journal-1)" [_thread_blocked, id=32680, stack(0x000000b3d1c00000,0x000000b3d1d00000)]
  0x0000024da5ec49c0 JavaThread "File lock request listener" [_thread_in_native, id=29044, stack(0x000000b3d2a00000,0x000000b3d2b00000)]
  0x0000024da5ec5e00 JavaThread "Cache worker for file hash cache (C:\Users\Eason\Documents\Codex\fold-poc\.gradle-local3\caches\8.13\fileHashes)" [_thread_blocked, id=55084, stack(0x000000b3d2c00000,0x000000b3d2d00000)]
  0x0000024da5ec3a90 JavaThread "Cache worker for file hash cache (C:\Users\Eason\Documents\Codex\fold-poc\.gradle\8.13\fileHashes)" [_thread_blocked, id=57396, stack(0x000000b3d2e00000,0x000000b3d2f00000)]
  0x0000024da5ec6310 JavaThread "Cache worker for Build Output Cleanup Cache (C:\Users\Eason\Documents\Codex\fold-poc\.gradle\buildOutputCleanup)" [_thread_blocked, id=62196, stack(0x000000b3d2f00000,0x000000b3d3000000)]
  0x0000024da5ec6820 JavaThread "File watcher server" daemon [_thread_in_native, id=61520, stack(0x000000b3d3900000,0x000000b3d3a00000)]
  0x0000024da5ec3070 JavaThread "File watcher consumer" daemon [_thread_blocked, id=49308, stack(0x000000b3d3a00000,0x000000b3d3b00000)]
  0x0000024daa1a7d30 JavaThread "Cache worker for checksums cache (C:\Users\Eason\Documents\Codex\fold-poc\.gradle\8.13\checksums)" [_thread_blocked, id=5736, stack(0x000000b3d3d00000,0x000000b3d3e00000)]
  0x0000024daa1a5ed0 JavaThread "Cache worker for file content cache (C:\Users\Eason\Documents\Codex\fold-poc\.gradle-local3\caches\8.13\fileContent)" [_thread_blocked, id=57184, stack(0x000000b3d3e00000,0x000000b3d3f00000)]
  0x0000024daa1a54b0 JavaThread "Cache worker for cache directory md-supplier (C:\Users\Eason\Documents\Codex\fold-poc\.gradle-local3\caches\8.13\md-supplier)" [_thread_blocked, id=60972, stack(0x000000b3d3f00000,0x000000b3d4000000)]
  0x0000024daa1a63e0 JavaThread "Cache worker for cache directory md-rule (C:\Users\Eason\Documents\Codex\fold-poc\.gradle-local3\caches\8.13\md-rule)" [_thread_blocked, id=67560, stack(0x000000b3d3c00000,0x000000b3d3d00000)]
  0x0000024daa1a8240 JavaThread "Unconstrained build operations" [_thread_blocked, id=67520, stack(0x000000b3d2d00000,0x000000b3d2e00000)]
  0x0000024daa1a8750 JavaThread "Unconstrained build operations Thread 2" [_thread_blocked, id=59828, stack(0x000000b3d4100000,0x000000b3d4200000)]
  0x0000024daa1a8c60 JavaThread "Unconstrained build operations Thread 3" [_thread_blocked, id=53176, stack(0x000000b3d4200000,0x000000b3d4300000)]
  0x0000024daa1a9170 JavaThread "Unconstrained build operations Thread 4" [_thread_blocked, id=67324, stack(0x000000b3d4300000,0x000000b3d4400000)]
  0x0000024daa1a59c0 JavaThread "Unconstrained build operations Thread 5" [_thread_blocked, id=38816, stack(0x000000b3d4400000,0x000000b3d4500000)]
  0x0000024daa1a68f0 JavaThread "Unconstrained build operations Thread 6" [_thread_blocked, id=67372, stack(0x000000b3d4500000,0x000000b3d4600000)]
  0x0000024daa1a9680 JavaThread "Unconstrained build operations Thread 7" [_thread_blocked, id=67468, stack(0x000000b3d4600000,0x000000b3d4700000)]
  0x0000024daa1a9b90 JavaThread "Unconstrained build operations Thread 8" [_thread_blocked, id=67424, stack(0x000000b3d4700000,0x000000b3d4800000)]
  0x0000024daa1aa0a0 JavaThread "Unconstrained build operations Thread 9" [_thread_blocked, id=24644, stack(0x000000b3d4800000,0x000000b3d4900000)]
  0x0000024daa1aa5b0 JavaThread "Unconstrained build operations Thread 10" [_thread_blocked, id=66372, stack(0x000000b3d4900000,0x000000b3d4a00000)]
  0x0000024daa1a6e00 JavaThread "Unconstrained build operations Thread 11" [_thread_blocked, id=62692, stack(0x000000b3d4a00000,0x000000b3d4b00000)]
  0x0000024daa1ab9f0 JavaThread "Unconstrained build operations Thread 12" [_thread_blocked, id=48640, stack(0x000000b3d4b00000,0x000000b3d4c00000)]
  0x0000024daa1ac410 JavaThread "Unconstrained build operations Thread 13" [_thread_blocked, id=67312, stack(0x000000b3d4c00000,0x000000b3d4d00000)]
  0x0000024daa1ac920 JavaThread "Unconstrained build operations Thread 14" [_thread_blocked, id=62216, stack(0x000000b3d4d00000,0x000000b3d4e00000)]
  0x0000024daa1aaac0 JavaThread "Unconstrained build operations Thread 15" [_thread_blocked, id=59064, stack(0x000000b3d4e00000,0x000000b3d4f00000)]
  0x0000024daa1abf00 JavaThread "Unconstrained build operations Thread 16" [_thread_blocked, id=64616, stack(0x000000b3d4f00000,0x000000b3d5000000)]
  0x0000024daa1ab4e0 JavaThread "Unconstrained build operations Thread 17" [_thread_blocked, id=33152, stack(0x000000b3d5000000,0x000000b3d5100000)]
  0x0000024da6c6e800 JavaThread "C2 CompilerThread1" daemon [_thread_blocked, id=66040, stack(0x000000b3d1600000,0x000000b3d1700000)]
  0x0000024da9c8ffd0 JavaThread "Unconstrained build operations Thread 18" [_thread_blocked, id=63348, stack(0x000000b3d3b00000,0x000000b3d3c00000)]
  0x0000024da9c8e170 JavaThread "Unconstrained build operations Thread 19" [_thread_blocked, id=65952, stack(0x000000b3d4000000,0x000000b3d4100000)]
  0x0000024da9c8f5b0 JavaThread "Unconstrained build operations Thread 20" [_thread_blocked, id=39148, stack(0x000000b3d5200000,0x000000b3d5300000)]
  0x0000024da9c8fac0 JavaThread "Unconstrained build operations Thread 21" [_thread_blocked, id=48148, stack(0x000000b3d5300000,0x000000b3d5400000)]
  0x0000024da9c904e0 JavaThread "Unconstrained build operations Thread 22" [_thread_blocked, id=62512, stack(0x000000b3d5400000,0x000000b3d5500000)]
  0x0000024da9c8dc60 JavaThread "Unconstrained build operations Thread 23" [_thread_blocked, id=20356, stack(0x000000b3d5500000,0x000000b3d5600000)]
  0x0000024da9c909f0 JavaThread "Unconstrained build operations Thread 24" [_thread_blocked, id=64604, stack(0x000000b3d5600000,0x000000b3d5700000)]
  0x0000024da9c8d750 JavaThread "Unconstrained build operations Thread 25" [_thread_blocked, id=57776, stack(0x000000b3d5700000,0x000000b3d5800000)]
  0x0000024da9c8e680 JavaThread "Unconstrained build operations Thread 26" [_thread_blocked, id=56752, stack(0x000000b3d5800000,0x000000b3d5900000)]
  0x0000024da9c8d240 JavaThread "Unconstrained build operations Thread 27" [_thread_blocked, id=5188, stack(0x000000b3d5900000,0x000000b3d5a00000)]
  0x0000024da9c8eb90 JavaThread "Unconstrained build operations Thread 28" [_thread_blocked, id=57168, stack(0x000000b3d5a00000,0x000000b3d5b00000)]
  0x0000024da6c71280 JavaThread "C2 CompilerThread2" daemon [_thread_in_native, id=10440, stack(0x000000b3d5b00000,0x000000b3d5c00000)]
  0x0000024da9c8f0a0 JavaThread "Unconstrained build operations Thread 29" [_thread_blocked, id=42968, stack(0x000000b3d5c00000,0x000000b3d5d00000)]
  0x0000024da55fd5d0 JavaThread "Unconstrained build operations Thread 30" [_thread_blocked, id=44900, stack(0x000000b3d5d00000,0x000000b3d5e00000)]
  0x0000024da4ec6240 JavaThread "C2 CompilerThread3" daemon [_thread_blocked, id=9836, stack(0x000000b3d5e00000,0x000000b3d5f00000)]
  0x0000024da55fe500 JavaThread "Unconstrained build operations Thread 31" [_thread_blocked, id=54020, stack(0x000000b3d6000000,0x000000b3d6100000)]
  0x0000024da55fea10 JavaThread "Unconstrained build operations Thread 32" [_thread_blocked, id=53984, stack(0x000000b3d6200000,0x000000b3d6300000)]
  0x0000024da4ec5250 JavaThread "C1 CompilerThread1" daemon [_thread_blocked, id=64884, stack(0x000000b3d1500000,0x000000b3d1600000)]
  0x0000024da55ffe50 JavaThread "Unconstrained build operations Thread 33" [_thread_blocked, id=65284, stack(0x000000b3d1700000,0x000000b3d1800000)]
  0x0000024da55ff940 JavaThread "Unconstrained build operations Thread 34" [_thread_blocked, id=19724, stack(0x000000b3d2b00000,0x000000b3d2c00000)]
  0x0000024da5600360 JavaThread "Unconstrained build operations Thread 35" [_thread_blocked, id=53216, stack(0x000000b3d5f00000,0x000000b3d6000000)]
  0x0000024da55fcbb0 JavaThread "Unconstrained build operations Thread 36" [_thread_blocked, id=56668, stack(0x000000b3d6100000,0x000000b3d6200000)]
  0x0000024da55ff430 JavaThread "Unconstrained build operations Thread 37" [_thread_blocked, id=49484, stack(0x000000b3d6300000,0x000000b3d6400000)]
  0x0000024da5600d80 JavaThread "Unconstrained build operations Thread 38" [_thread_blocked, id=24348, stack(0x000000b3d6400000,0x000000b3d6500000)]
  0x0000024da5600870 JavaThread "Unconstrained build operations Thread 39" [_thread_blocked, id=52476, stack(0x000000b3d6500000,0x000000b3d6600000)]
  0x0000024da5601290 JavaThread "Unconstrained build operations Thread 40" [_thread_blocked, id=37036, stack(0x000000b3d6600000,0x000000b3d6700000)]
  0x0000024da55fdae0 JavaThread "Unconstrained build operations Thread 41" [_thread_blocked, id=65676, stack(0x000000b3d6700000,0x000000b3d6800000)]
  0x0000024da56017a0 JavaThread "Unconstrained build operations Thread 42" [_thread_blocked, id=58708, stack(0x000000b3d6800000,0x000000b3d6900000)]
  0x0000024da55fdff0 JavaThread "Unconstrained build operations Thread 43" [_thread_blocked, id=18592, stack(0x000000b3d6900000,0x000000b3d6a00000)]
  0x0000024da5603b10 JavaThread "Unconstrained build operations Thread 44" [_thread_blocked, id=65068, stack(0x000000b3d6a00000,0x000000b3d6b00000)]
  0x0000024da5601cb0 JavaThread "Unconstrained build operations Thread 45" [_thread_blocked, id=37040, stack(0x000000b3d6b00000,0x000000b3d6c00000)]
  0x0000024da56030f0 JavaThread "Unconstrained build operations Thread 46" [_thread_blocked, id=59956, stack(0x000000b3d6c00000,0x000000b3d6d00000)]
  0x0000024da5604020 JavaThread "Unconstrained build operations Thread 47" [_thread_blocked, id=63912, stack(0x000000b3d6d00000,0x000000b3d6e00000)]
  0x0000024da4ec57a0 JavaThread "C2 CompilerThread4" daemon [_thread_blocked, id=64596, stack(0x000000b3d6e00000,0x000000b3d6f00000)]
  0x0000024da4ec7780 JavaThread "C2 CompilerThread5" daemon [_thread_blocked, id=62256, stack(0x000000b3d6f00000,0x000000b3d7000000)]
  0x0000024da4ec7cd0 JavaThread "C2 CompilerThread6" daemon [_thread_blocked, id=51164, stack(0x000000b3d7000000,0x000000b3d7100000)]
  0x0000024da4ec6790 JavaThread "C2 CompilerThread7" daemon [_thread_blocked, id=65876, stack(0x000000b3d7100000,0x000000b3d7200000)]
  0x0000024da4ec4260 JavaThread "C1 CompilerThread2" daemon [_thread_blocked, id=66012, stack(0x000000b3d7900000,0x000000b3d7a00000)]
  0x0000024da4ec5cf0 JavaThread "C1 CompilerThread3" daemon [_thread_blocked, id=56084, stack(0x000000b3d7b00000,0x000000b3d7c00000)]

Other Threads:
=>0x0000024d5dd16870 VMThread "VM Thread" [stack: 0x000000b3d0a00000,0x000000b3d0b00000] [id=51104]
  0x0000024d3f93fd80 WatcherThread [stack: 0x000000b3d1b00000,0x000000b3d1c00000] [id=17192]
  0x0000024d3f99e510 GCTaskThread "GC Thread#0" [stack: 0x000000b3d0500000,0x000000b3d0600000] [id=61624]
  0x0000024da4316d70 GCTaskThread "GC Thread#1" [stack: 0x000000b3d1e00000,0x000000b3d1f00000] [id=58060]
  0x0000024da43280a0 GCTaskThread "GC Thread#2" [stack: 0x000000b3d1f00000,0x000000b3d2000000] [id=23068]
  0x0000024da4087fb0 GCTaskThread "GC Thread#3" [stack: 0x000000b3d2000000,0x000000b3d2100000] [id=66640]
  0x0000024da4088280 GCTaskThread "GC Thread#4" [stack: 0x000000b3d2100000,0x000000b3d2200000] [id=67396]
  0x0000024da4089360 GCTaskThread "GC Thread#5" [stack: 0x000000b3d2200000,0x000000b3d2300000] [id=65524]
  0x0000024da9533c80 GCTaskThread "GC Thread#6" [stack: 0x000000b3d3000000,0x000000b3d3100000] [id=60536]
  0x0000024da95358a0 GCTaskThread "GC Thread#7" [stack: 0x000000b3d3100000,0x000000b3d3200000] [id=18124]
  0x0000024da95336e0 GCTaskThread "GC Thread#8" [stack: 0x000000b3d3200000,0x000000b3d3300000] [id=53492]
  0x0000024da9532ba0 GCTaskThread "GC Thread#9" [stack: 0x000000b3d3300000,0x000000b3d3400000] [id=59892]
  0x0000024da9535b70 GCTaskThread "GC Thread#10" [stack: 0x000000b3d3400000,0x000000b3d3500000] [id=57724]
  0x0000024da95339b0 GCTaskThread "GC Thread#11" [stack: 0x000000b3d3500000,0x000000b3d3600000] [id=15860]
  0x0000024da9533410 GCTaskThread "GC Thread#12" [stack: 0x000000b3d3600000,0x000000b3d3700000] [id=62144]
  0x0000024d3f9af220 ConcurrentGCThread "G1 Main Marker" [stack: 0x000000b3d0600000,0x000000b3d0700000] [id=65872]
  0x0000024d3f9b0560 ConcurrentGCThread "G1 Conc#0" [stack: 0x000000b3d0700000,0x000000b3d0800000] [id=14696]
  0x0000024da9532e70 ConcurrentGCThread "G1 Conc#1" [stack: 0x000000b3d3700000,0x000000b3d3800000] [id=63888]
  0x0000024da9533f50 ConcurrentGCThread "G1 Conc#2" [stack: 0x000000b3d3800000,0x000000b3d3900000] [id=60964]
  0x0000024d5dc585a0 ConcurrentGCThread "G1 Refine#0" [stack: 0x000000b3d0800000,0x000000b3d0900000] [id=65216]
  0x0000024daa293bb0 ConcurrentGCThread "G1 Refine#1" [stack: 0x000000b3d7200000,0x000000b3d7300000] [id=64976]
  0x0000024daa2935b0 ConcurrentGCThread "G1 Refine#2" [stack: 0x000000b3d7300000,0x000000b3d7400000] [id=64364]
  0x0000024daa293eb0 ConcurrentGCThread "G1 Refine#3" [stack: 0x000000b3d7400000,0x000000b3d7500000] [id=65840]
  0x0000024daa291db0 ConcurrentGCThread "G1 Refine#4" [stack: 0x000000b3d7500000,0x000000b3d7600000] [id=57836]
  0x0000024daa2944b0 ConcurrentGCThread "G1 Refine#5" [stack: 0x000000b3d7600000,0x000000b3d7700000] [id=62120]
  0x0000024daa2941b0 ConcurrentGCThread "G1 Refine#6" [stack: 0x000000b3d7700000,0x000000b3d7800000] [id=64908]
  0x0000024daa2920b0 ConcurrentGCThread "G1 Refine#7" [stack: 0x000000b3d7800000,0x000000b3d7900000] [id=59796]
  0x0000024daa294ab0 ConcurrentGCThread "G1 Refine#8" [stack: 0x000000b3d7a00000,0x000000b3d7b00000] [id=62188]
  0x0000024da9bb6390 ConcurrentGCThread "G1 Refine#9" [stack: 0x000000b3d7c00000,0x000000b3d7d00000] [id=57784]
  0x0000024daa2950b0 ConcurrentGCThread "G1 Refine#10" [stack: 0x000000b3d7d00000,0x000000b3d7e00000] [id=66132]
  0x0000024d5dc58d90 ConcurrentGCThread "G1 Service" [stack: 0x000000b3d0900000,0x000000b3d0a00000] [id=63928]

Threads with active compile tasks:
C2 CompilerThread0  24044 10113       4       org.objectweb.asm.ClassReader::readCode (5117 bytes)
C2 CompilerThread1  24044 11216       4       org.objectweb.asm.AnnotationWriter::visit (935 bytes)
C2 CompilerThread2  24044 11188       4       org.objectweb.asm.ClassReader::readMethod (1070 bytes)
C2 CompilerThread3  24044 11222       4       org.objectweb.asm.MethodWriter::hasFrames (13 bytes)
C2 CompilerThread4  24044 10820       4       org.gradle.internal.classpath.transforms.AdhocInterceptors::visitINVOKESTATIC (780 bytes)
C2 CompilerThread5  24044 10736       4       org.objectweb.asm.MethodWriter::visitLdcInsn (215 bytes)
C2 CompilerThread6  24044 11210       4       org.objectweb.asm.ClassReader::readField (675 bytes)
C2 CompilerThread7  24044 11212       4       org.objectweb.asm.ClassReader::readElementValue (1237 bytes)
C1 CompilerThread3  24044 11230 %     3       org.objectweb.asm.ClassWriter::toByteArray @ 824 (1535 bytes)

VM state: at safepoint (normal execution)

VM Mutex/Monitor currently owned by a thread:  ([mutex/lock_event])
[0x0000024d3d5b1de0] Threads_lock - owner thread: 0x0000024d5dd16870
[0x0000024d3f93cf30] Heap_lock - owner thread: 0x0000024da55ff430

Heap address: 0x0000000080000000, size: 2048 MB, Compressed Oops mode: 32-bit

CDS archive(s) mapped at: [0x0000024d5f000000-0x0000024d5fbb0000-0x0000024d5fbb0000), size 12255232, SharedBaseAddress: 0x0000024d5f000000, ArchiveRelocationMode: 1.
Compressed class space mapped at: 0x0000024d60000000-0x0000024da0000000, reserved size: 1073741824
Narrow klass base: 0x0000024d5f000000, Narrow klass shift: 0, Narrow klass range: 0x100000000

GC Precious Log:
 CPUs: 16 total, 16 available
 Memory: 16108M
 Large Page Support: Disabled
 NUMA Support: Disabled
 Compressed Oops: Enabled (32-bit)
 Heap Region Size: 1M
 Heap Min Capacity: 8M
 Heap Initial Capacity: 252M
 Heap Max Capacity: 2G
 Pre-touch: Disabled
 Parallel Workers: 13
 Concurrent Workers: 3
 Concurrent Refinement Workers: 13
 Periodic GC: Disabled

Heap:
 garbage-first heap   total 327680K, used 160318K [0x0000000080000000, 0x0000000100000000)
  region size 1024K, 2 young (2048K), 2 survivors (2048K)
 Metaspace       used 60052K, committed 60672K, reserved 1114112K
  class space    used 8340K, committed 8640K, reserved 1048576K

Heap Regions: E=young(eden), S=young(survivor), O=old, HS=humongous(starts), HC=humongous(continues), CS=collection set, F=free, OA=open archive, CA=closed archive, TAMS=top-at-mark-start (previous, next)
|   0|0x0000000080000000, 0x0000000080100000, 0x0000000080100000|100%|HS|  |TAMS 0x0000000080100000, 0x0000000080000000| Complete 
|   1|0x0000000080100000, 0x0000000080200000, 0x0000000080200000|100%|HC|  |TAMS 0x0000000080200000, 0x0000000080100000| Complete 
|   2|0x0000000080200000, 0x0000000080300000, 0x0000000080300000|100%|HC|  |TAMS 0x0000000080300000, 0x0000000080200000| Complete 
|   3|0x0000000080300000, 0x0000000080400000, 0x0000000080400000|100%| O|  |TAMS 0x0000000080400000, 0x0000000080300000| Untracked 
|   4|0x0000000080400000, 0x0000000080500000, 0x0000000080500000|100%| O|  |TAMS 0x0000000080500000, 0x0000000080400000| Untracked 
|   5|0x0000000080500000, 0x0000000080600000, 0x0000000080600000|100%| O|  |TAMS 0x0000000080600000, 0x0000000080500000| Untracked 
|   6|0x0000000080600000, 0x0000000080700000, 0x0000000080700000|100%|HS|  |TAMS 0x0000000080700000, 0x0000000080600000| Complete 
|   7|0x0000000080700000, 0x0000000080800000, 0x0000000080800000|100%| O|  |TAMS 0x0000000080800000, 0x0000000080700000| Untracked 
|   8|0x0000000080800000, 0x0000000080900000, 0x0000000080900000|100%| O|  |TAMS 0x0000000080900000, 0x0000000080800000| Untracked 
|   9|0x0000000080900000, 0x0000000080a00000, 0x0000000080a00000|100%| O|  |TAMS 0x0000000080a00000, 0x0000000080900000| Untracked 
|  10|0x0000000080a00000, 0x0000000080b00000, 0x0000000080b00000|100%| O|  |TAMS 0x0000000080b00000, 0x0000000080a00000| Untracked 
|  11|0x0000000080b00000, 0x0000000080c00000, 0x0000000080c00000|100%| O|  |TAMS 0x0000000080c00000, 0x0000000080b00000| Untracked 
|  12|0x0000000080c00000, 0x0000000080d00000, 0x0000000080d00000|100%| O|  |TAMS 0x0000000080d00000, 0x0000000080c00000| Untracked 
|  13|0x0000000080d00000, 0x0000000080e00000, 0x0000000080e00000|100%| O|  |TAMS 0x0000000080e00000, 0x0000000080d00000| Untracked 
|  14|0x0000000080e00000, 0x0000000080f00000, 0x0000000080f00000|100%| O|  |TAMS 0x0000000080f00000, 0x0000000080e00000| Untracked 
|  15|0x0000000080f00000, 0x0000000081000000, 0x0000000081000000|100%| O|  |TAMS 0x0000000081000000, 0x0000000080f00000| Untracked 
|  16|0x0000000081000000, 0x0000000081100000, 0x0000000081100000|100%| O|  |TAMS 0x0000000081100000, 0x0000000081000000| Untracked 
|  17|0x0000000081100000, 0x0000000081200000, 0x0000000081200000|100%| O|  |TAMS 0x0000000081200000, 0x0000000081100000| Untracked 
|  18|0x0000000081200000, 0x0000000081300000, 0x0000000081300000|100%| O|  |TAMS 0x0000000081300000, 0x0000000081200000| Untracked 
|  19|0x0000000081300000, 0x0000000081400000, 0x0000000081400000|100%| O|  |TAMS 0x0000000081400000, 0x0000000081300000| Untracked 
|  20|0x0000000081400000, 0x0000000081500000, 0x0000000081500000|100%| O|  |TAMS 0x0000000081500000, 0x0000000081400000| Untracked 
|  21|0x0000000081500000, 0x0000000081600000, 0x0000000081600000|100%| O|  |TAMS 0x0000000081600000, 0x0000000081500000| Untracked 
|  22|0x0000000081600000, 0x0000000081700000, 0x0000000081700000|100%| O|  |TAMS 0x0000000081700000, 0x0000000081600000| Untracked 
|  23|0x0000000081700000, 0x0000000081800000, 0x0000000081800000|100%| O|  |TAMS 0x0000000081800000, 0x0000000081700000| Untracked 
|  24|0x0000000081800000, 0x0000000081900000, 0x0000000081900000|100%| O|  |TAMS 0x0000000081900000, 0x0000000081800000| Untracked 
|  25|0x0000000081900000, 0x0000000081a00000, 0x0000000081a00000|100%| O|  |TAMS 0x0000000081a00000, 0x0000000081900000| Untracked 
|  26|0x0000000081a00000, 0x0000000081b00000, 0x0000000081b00000|100%| O|  |TAMS 0x0000000081b00000, 0x0000000081a00000| Untracked 
|  27|0x0000000081b00000, 0x0000000081c00000, 0x0000000081c00000|100%| O|  |TAMS 0x0000000081c00000, 0x0000000081b00000| Untracked 
|  28|0x0000000081c00000, 0x0000000081d00000, 0x0000000081d00000|100%| O|  |TAMS 0x0000000081d00000, 0x0000000081c00000| Untracked 
|  29|0x0000000081d00000, 0x0000000081e00000, 0x0000000081e00000|100%| O|  |TAMS 0x0000000081e00000, 0x0000000081d00000| Untracked 
|  30|0x0000000081e00000, 0x0000000081f00000, 0x0000000081f00000|100%| O|  |TAMS 0x0000000081f00000, 0x0000000081e00000| Untracked 
|  31|0x0000000081f00000, 0x0000000082000000, 0x0000000082000000|100%| O|  |TAMS 0x0000000082000000, 0x0000000081f00000| Untracked 
|  32|0x0000000082000000, 0x0000000082100000, 0x0000000082100000|100%| O|  |TAMS 0x0000000082100000, 0x0000000082000000| Untracked 
|  33|0x0000000082100000, 0x0000000082200000, 0x0000000082200000|100%| O|  |TAMS 0x0000000082200000, 0x0000000082100000| Untracked 
|  34|0x0000000082200000, 0x0000000082300000, 0x0000000082300000|100%| O|  |TAMS 0x0000000082300000, 0x0000000082200000| Untracked 
|  35|0x0000000082300000, 0x0000000082400000, 0x0000000082400000|100%| O|  |TAMS 0x0000000082400000, 0x0000000082300000| Untracked 
|  36|0x0000000082400000, 0x0000000082500000, 0x0000000082500000|100%| O|  |TAMS 0x0000000082500000, 0x0000000082400000| Untracked 
|  37|0x0000000082500000, 0x0000000082600000, 0x0000000082600000|100%| O|  |TAMS 0x0000000082600000, 0x0000000082500000| Untracked 
|  38|0x0000000082600000, 0x0000000082700000, 0x0000000082700000|100%| O|  |TAMS 0x0000000082700000, 0x0000000082600000| Untracked 
|  39|0x0000000082700000, 0x0000000082800000, 0x0000000082800000|100%| O|  |TAMS 0x0000000082800000, 0x0000000082700000| Untracked 
|  40|0x0000000082800000, 0x0000000082900000, 0x0000000082900000|100%| O|  |TAMS 0x0000000082900000, 0x0000000082800000| Untracked 
|  41|0x0000000082900000, 0x0000000082a00000, 0x0000000082a00000|100%| O|  |TAMS 0x0000000082a00000, 0x0000000082900000| Untracked 
|  42|0x0000000082a00000, 0x0000000082b00000, 0x0000000082b00000|100%| O|  |TAMS 0x0000000082b00000, 0x0000000082a00000| Untracked 
|  43|0x0000000082b00000, 0x0000000082c00000, 0x0000000082c00000|100%| O|  |TAMS 0x0000000082c00000, 0x0000000082b00000| Untracked 
|  44|0x0000000082c00000, 0x0000000082d00000, 0x0000000082d00000|100%| O|  |TAMS 0x0000000082d00000, 0x0000000082c00000| Untracked 
|  45|0x0000000082d00000, 0x0000000082e00000, 0x0000000082e00000|100%| O|  |TAMS 0x0000000082e00000, 0x0000000082d00000| Untracked 
|  46|0x0000000082e00000, 0x0000000082f00000, 0x0000000082f00000|100%| O|  |TAMS 0x0000000082f00000, 0x0000000082e00000| Untracked 
|  47|0x0000000082f00000, 0x0000000083000000, 0x0000000083000000|100%| O|  |TAMS 0x0000000083000000, 0x0000000082f00000| Untracked 
|  48|0x0000000083000000, 0x0000000083100000, 0x0000000083100000|100%| O|  |TAMS 0x0000000083100000, 0x0000000083000000| Untracked 
|  49|0x0000000083100000, 0x0000000083200000, 0x0000000083200000|100%| O|  |TAMS 0x0000000083200000, 0x0000000083100000| Untracked 
|  50|0x0000000083200000, 0x0000000083300000, 0x0000000083300000|100%| O|  |TAMS 0x0000000083300000, 0x0000000083200000| Untracked 
|  51|0x0000000083300000, 0x0000000083400000, 0x0000000083400000|100%| O|  |TAMS 0x0000000083400000, 0x0000000083300000| Untracked 
|  52|0x0000000083400000, 0x0000000083500000, 0x0000000083500000|100%| O|  |TAMS 0x0000000083500000, 0x0000000083400000| Untracked 
|  53|0x0000000083500000, 0x0000000083600000, 0x0000000083600000|100%| O|  |TAMS 0x0000000083600000, 0x0000000083500000| Untracked 
|  54|0x0000000083600000, 0x0000000083600000, 0x0000000083700000|  0%| F|  |TAMS 0x0000000083600000, 0x0000000083600000| Untracked 
|  55|0x0000000083700000, 0x0000000083800000, 0x0000000083800000|100%| O|  |TAMS 0x0000000083800000, 0x0000000083700000| Untracked 
|  56|0x0000000083800000, 0x0000000083900000, 0x0000000083900000|100%| O|  |TAMS 0x0000000083900000, 0x0000000083800000| Untracked 
|  57|0x0000000083900000, 0x0000000083a00000, 0x0000000083a00000|100%| O|  |TAMS 0x0000000083a00000, 0x0000000083900000| Untracked 
|  58|0x0000000083a00000, 0x0000000083b00000, 0x0000000083b00000|100%| O|  |TAMS 0x0000000083b00000, 0x0000000083a00000| Untracked 
|  59|0x0000000083b00000, 0x0000000083c00000, 0x0000000083c00000|100%| O|  |TAMS 0x0000000083c00000, 0x0000000083b00000| Untracked 
|  60|0x0000000083c00000, 0x0000000083c00000, 0x0000000083d00000|  0%| F|  |TAMS 0x0000000083c00000, 0x0000000083c00000| Untracked 
|  61|0x0000000083d00000, 0x0000000083e00000, 0x0000000083e00000|100%| O|  |TAMS 0x0000000083e00000, 0x0000000083d00000| Untracked 
|  62|0x0000000083e00000, 0x0000000083f00000, 0x0000000083f00000|100%| O|  |TAMS 0x0000000083f00000, 0x0000000083e00000| Untracked 
|  63|0x0000000083f00000, 0x0000000084000000, 0x0000000084000000|100%| O|  |TAMS 0x0000000084000000, 0x0000000083f00000| Untracked 
|  64|0x0000000084000000, 0x0000000084100000, 0x0000000084100000|100%| O|  |TAMS 0x0000000084100000, 0x0000000084000000| Untracked 
|  65|0x0000000084100000, 0x0000000084200000, 0x0000000084200000|100%| O|  |TAMS 0x0000000084200000, 0x0000000084100000| Untracked 
|  66|0x0000000084200000, 0x0000000084300000, 0x0000000084300000|100%| O|  |TAMS 0x0000000084300000, 0x0000000084200000| Untracked 
|  67|0x0000000084300000, 0x0000000084400000, 0x0000000084400000|100%| O|  |TAMS 0x0000000084400000, 0x0000000084300000| Untracked 
|  68|0x0000000084400000, 0x0000000084500000, 0x0000000084500000|100%| O|  |TAMS 0x0000000084500000, 0x0000000084400000| Untracked 
|  69|0x0000000084500000, 0x0000000084600000, 0x0000000084600000|100%| O|  |TAMS 0x0000000084600000, 0x0000000084500000| Untracked 
|  70|0x0000000084600000, 0x0000000084700000, 0x0000000084700000|100%| O|  |TAMS 0x0000000084700000, 0x0000000084600000| Untracked 
|  71|0x0000000084700000, 0x0000000084800000, 0x0000000084800000|100%| O|  |TAMS 0x0000000084800000, 0x0000000084700000| Untracked 
|  72|0x0000000084800000, 0x0000000084900000, 0x0000000084900000|100%| O|  |TAMS 0x0000000084900000, 0x0000000084800000| Untracked 
|  73|0x0000000084900000, 0x0000000084a00000, 0x0000000084a00000|100%| O|  |TAMS 0x0000000084a00000, 0x0000000084900000| Untracked 
|  74|0x0000000084a00000, 0x0000000084b00000, 0x0000000084b00000|100%| O|  |TAMS 0x0000000084b00000, 0x0000000084a00000| Untracked 
|  75|0x0000000084b00000, 0x0000000084c00000, 0x0000000084c00000|100%| O|  |TAMS 0x0000000084c00000, 0x0000000084b00000| Untracked 
|  76|0x0000000084c00000, 0x0000000084d00000, 0x0000000084d00000|100%| O|  |TAMS 0x0000000084d00000, 0x0000000084c00000| Untracked 
|  77|0x0000000084d00000, 0x0000000084d00000, 0x0000000084e00000|  0%| F|  |TAMS 0x0000000084d00000, 0x0000000084d00000| Untracked 
|  78|0x0000000084e00000, 0x0000000084f00000, 0x0000000084f00000|100%| O|  |TAMS 0x0000000084f00000, 0x0000000084e00000| Untracked 
|  79|0x0000000084f00000, 0x0000000085000000, 0x0000000085000000|100%| O|  |TAMS 0x0000000085000000, 0x0000000084f00000| Untracked 
|  80|0x0000000085000000, 0x0000000085100000, 0x0000000085100000|100%| O|  |TAMS 0x0000000085100000, 0x0000000085000000| Untracked 
|  81|0x0000000085100000, 0x0000000085200000, 0x0000000085200000|100%| O|  |TAMS 0x0000000085200000, 0x0000000085100000| Untracked 
|  82|0x0000000085200000, 0x0000000085300000, 0x0000000085300000|100%| O|  |TAMS 0x0000000085300000, 0x0000000085200000| Untracked 
|  83|0x0000000085300000, 0x0000000085400000, 0x0000000085400000|100%| O|  |TAMS 0x000000008536aa00, 0x0000000085300000| Untracked 
|  84|0x0000000085400000, 0x0000000085500000, 0x0000000085500000|100%| O|  |TAMS 0x0000000085500000, 0x0000000085400000| Untracked 
|  85|0x0000000085500000, 0x0000000085600000, 0x0000000085600000|100%| O|  |TAMS 0x0000000085600000, 0x0000000085500000| Untracked 
|  86|0x0000000085600000, 0x0000000085700000, 0x0000000085700000|100%| O|  |TAMS 0x0000000085700000, 0x0000000085600000| Untracked 
|  87|0x0000000085700000, 0x0000000085800000, 0x0000000085800000|100%| O|  |TAMS 0x0000000085800000, 0x0000000085700000| Untracked 
|  88|0x0000000085800000, 0x0000000085900000, 0x0000000085900000|100%| O|  |TAMS 0x0000000085900000, 0x0000000085800000| Untracked 
|  89|0x0000000085900000, 0x0000000085a00000, 0x0000000085a00000|100%| O|  |TAMS 0x0000000085a00000, 0x0000000085900000| Untracked 
|  90|0x0000000085a00000, 0x0000000085b00000, 0x0000000085b00000|100%| O|  |TAMS 0x0000000085b00000, 0x0000000085a00000| Untracked 
|  91|0x0000000085b00000, 0x0000000085c00000, 0x0000000085c00000|100%| O|  |TAMS 0x0000000085c00000, 0x0000000085b00000| Untracked 
|  92|0x0000000085c00000, 0x0000000085d00000, 0x0000000085d00000|100%| O|  |TAMS 0x0000000085d00000, 0x0000000085c00000| Untracked 
|  93|0x0000000085d00000, 0x0000000085d00000, 0x0000000085e00000|  0%| F|  |TAMS 0x0000000085d00000, 0x0000000085d00000| Untracked 
|  94|0x0000000085e00000, 0x0000000085f00000, 0x0000000085f00000|100%| O|  |TAMS 0x0000000085f00000, 0x0000000085e00000| Untracked 
|  95|0x0000000085f00000, 0x0000000085f00000, 0x0000000086000000|  0%| F|  |TAMS 0x0000000085f00000, 0x0000000085f00000| Untracked 
|  96|0x0000000086000000, 0x0000000086100000, 0x0000000086100000|100%| O|  |TAMS 0x0000000086000000, 0x0000000086000000| Untracked 
|  97|0x0000000086100000, 0x0000000086200000, 0x0000000086200000|100%| O|  |TAMS 0x0000000086100000, 0x0000000086100000| Untracked 
|  98|0x0000000086200000, 0x0000000086300000, 0x0000000086300000|100%|HS|  |TAMS 0x0000000086300000, 0x0000000086200000| Complete 
|  99|0x0000000086300000, 0x0000000086400000, 0x0000000086400000|100%|HS|  |TAMS 0x0000000086400000, 0x0000000086300000| Complete 
| 100|0x0000000086400000, 0x0000000086500000, 0x0000000086500000|100%|HS|  |TAMS 0x0000000086500000, 0x0000000086400000| Complete 
| 101|0x0000000086500000, 0x0000000086600000, 0x0000000086600000|100%|HC|  |TAMS 0x0000000086600000, 0x0000000086500000| Complete 
| 102|0x0000000086600000, 0x0000000086700000, 0x0000000086700000|100%| O|  |TAMS 0x0000000086700000, 0x0000000086600000| Untracked 
| 103|0x0000000086700000, 0x0000000086800000, 0x0000000086800000|100%| O|  |TAMS 0x0000000086800000, 0x0000000086700000| Untracked 
| 104|0x0000000086800000, 0x0000000086900000, 0x0000000086900000|100%| O|  |TAMS 0x0000000086900000, 0x0000000086800000| Untracked 
| 105|0x0000000086900000, 0x0000000086a00000, 0x0000000086a00000|100%| O|  |TAMS 0x0000000086a00000, 0x0000000086900000| Untracked 
| 106|0x0000000086a00000, 0x0000000086b00000, 0x0000000086b00000|100%| O|  |TAMS 0x0000000086b00000, 0x0000000086a00000| Untracked 
| 107|0x0000000086b00000, 0x0000000086c00000, 0x0000000086c00000|100%| O|  |TAMS 0x0000000086c00000, 0x0000000086b00000| Untracked 
| 108|0x0000000086c00000, 0x0000000086d00000, 0x0000000086d00000|100%| O|  |TAMS 0x0000000086d00000, 0x0000000086c00000| Untracked 
| 109|0x0000000086d00000, 0x0000000086e00000, 0x0000000086e00000|100%| O|  |TAMS 0x0000000086e00000, 0x0000000086d00000| Untracked 
| 110|0x0000000086e00000, 0x0000000086f00000, 0x0000000086f00000|100%| O|  |TAMS 0x0000000086f00000, 0x0000000086e00000| Untracked 
| 111|0x0000000086f00000, 0x0000000087000000, 0x0000000087000000|100%| O|  |TAMS 0x0000000087000000, 0x0000000086f00000| Untracked 
| 112|0x0000000087000000, 0x0000000087100000, 0x0000000087100000|100%| O|  |TAMS 0x0000000087100000, 0x0000000087000000| Untracked 
| 113|0x0000000087100000, 0x0000000087200000, 0x0000000087200000|100%| O|  |TAMS 0x0000000087200000, 0x0000000087100000| Untracked 
| 114|0x0000000087200000, 0x0000000087300000, 0x0000000087300000|100%| O|  |TAMS 0x0000000087300000, 0x0000000087200000| Untracked 
| 115|0x0000000087300000, 0x0000000087400000, 0x0000000087400000|100%| O|  |TAMS 0x0000000087400000, 0x0000000087300000| Untracked 
| 116|0x0000000087400000, 0x0000000087400000, 0x0000000087500000|  0%| F|  |TAMS 0x0000000087400000, 0x0000000087400000| Untracked 
| 117|0x0000000087500000, 0x0000000087500000, 0x0000000087600000|  0%| F|  |TAMS 0x0000000087500000, 0x0000000087500000| Untracked 
| 118|0x0000000087600000, 0x0000000087700000, 0x0000000087700000|100%| O|  |TAMS 0x0000000087700000, 0x0000000087600000| Untracked 
| 119|0x0000000087700000, 0x0000000087800000, 0x0000000087800000|100%| O|  |TAMS 0x0000000087800000, 0x0000000087700000| Untracked 
| 120|0x0000000087800000, 0x0000000087900000, 0x0000000087900000|100%| O|  |TAMS 0x0000000087900000, 0x0000000087800000| Untracked 
| 121|0x0000000087900000, 0x0000000087a00000, 0x0000000087a00000|100%| O|  |TAMS 0x0000000087a00000, 0x0000000087900000| Untracked 
| 122|0x0000000087a00000, 0x0000000087b00000, 0x0000000087b00000|100%| O|  |TAMS 0x0000000087b00000, 0x0000000087a00000| Untracked 
| 123|0x0000000087b00000, 0x0000000087c00000, 0x0000000087c00000|100%| O|  |TAMS 0x0000000087c00000, 0x0000000087b00000| Untracked 
| 124|0x0000000087c00000, 0x0000000087c00000, 0x0000000087d00000|  0%| F|  |TAMS 0x0000000087c00000, 0x0000000087c00000| Untracked 
| 125|0x0000000087d00000, 0x0000000087d00000, 0x0000000087e00000|  0%| F|  |TAMS 0x0000000087d00000, 0x0000000087d00000| Untracked 
| 126|0x0000000087e00000, 0x0000000087e00000, 0x0000000087f00000|  0%| F|  |TAMS 0x0000000087e00000, 0x0000000087e00000| Untracked 
| 127|0x0000000087f00000, 0x0000000088000000, 0x0000000088000000|100%| O|  |TAMS 0x0000000088000000, 0x0000000087f00000| Untracked 
| 128|0x0000000088000000, 0x0000000088100000, 0x0000000088100000|100%| O|  |TAMS 0x0000000088100000, 0x0000000088000000| Untracked 
| 129|0x0000000088100000, 0x0000000088200000, 0x0000000088200000|100%| O|  |TAMS 0x0000000088200000, 0x0000000088100000| Untracked 
| 130|0x0000000088200000, 0x0000000088300000, 0x0000000088300000|100%| O|  |TAMS 0x0000000088300000, 0x0000000088200000| Untracked 
| 131|0x0000000088300000, 0x0000000088300000, 0x0000000088400000|  0%| F|  |TAMS 0x0000000088300000, 0x0000000088300000| Untracked 
| 132|0x0000000088400000, 0x0000000088500000, 0x0000000088500000|100%| O|  |TAMS 0x0000000088500000, 0x0000000088400000| Untracked 
| 133|0x0000000088500000, 0x0000000088500000, 0x0000000088600000|  0%| F|  |TAMS 0x0000000088500000, 0x0000000088500000| Untracked 
| 134|0x0000000088600000, 0x0000000088700000, 0x0000000088700000|100%| O|  |TAMS 0x0000000088600000, 0x0000000088600000| Untracked 
| 135|0x0000000088700000, 0x0000000088800000, 0x0000000088800000|100%| O|  |TAMS 0x0000000088800000, 0x0000000088700000| Untracked 
| 136|0x0000000088800000, 0x0000000088900000, 0x0000000088900000|100%| O|  |TAMS 0x0000000088800000, 0x0000000088800000| Untracked 
| 137|0x0000000088900000, 0x0000000088a00000, 0x0000000088a00000|100%| O|  |TAMS 0x0000000088a00000, 0x0000000088900000| Untracked 
| 138|0x0000000088a00000, 0x0000000088b00000, 0x0000000088b00000|100%| O|  |TAMS 0x0000000088b00000, 0x0000000088a00000| Untracked 
| 139|0x0000000088b00000, 0x0000000088b00000, 0x0000000088c00000|  0%| F|  |TAMS 0x0000000088b00000, 0x0000000088b00000| Untracked 
| 140|0x0000000088c00000, 0x0000000088c00000, 0x0000000088d00000|  0%| F|  |TAMS 0x0000000088c00000, 0x0000000088c00000| Untracked 
| 141|0x0000000088d00000, 0x0000000088d00000, 0x0000000088e00000|  0%| F|  |TAMS 0x0000000088d00000, 0x0000000088d00000| Untracked 
| 142|0x0000000088e00000, 0x0000000088f00000, 0x0000000088f00000|100%| O|  |TAMS 0x0000000088f00000, 0x0000000088e00000| Untracked 
| 143|0x0000000088f00000, 0x0000000088f00000, 0x0000000089000000|  0%| F|  |TAMS 0x0000000088f00000, 0x0000000088f00000| Untracked 
| 144|0x0000000089000000, 0x0000000089100000, 0x0000000089100000|100%| O|  |TAMS 0x0000000089100000, 0x0000000089000000| Untracked 
| 145|0x0000000089100000, 0x0000000089100000, 0x0000000089200000|  0%| F|  |TAMS 0x0000000089100000, 0x0000000089100000| Untracked 
| 146|0x0000000089200000, 0x0000000089200000, 0x0000000089300000|  0%| F|  |TAMS 0x0000000089200000, 0x0000000089200000| Untracked 
| 147|0x0000000089300000, 0x0000000089300000, 0x0000000089400000|  0%| F|  |TAMS 0x0000000089300000, 0x0000000089300000| Untracked 
| 148|0x0000000089400000, 0x0000000089500000, 0x0000000089500000|100%| O|  |TAMS 0x0000000089500000, 0x0000000089400000| Untracked 
| 149|0x0000000089500000, 0x0000000089600000, 0x0000000089600000|100%| O|  |TAMS 0x0000000089500000, 0x0000000089500000| Untracked 
| 150|0x0000000089600000, 0x0000000089700000, 0x0000000089700000|100%| O|  |TAMS 0x0000000089600000, 0x0000000089600000| Untracked 
| 151|0x0000000089700000, 0x0000000089800000, 0x0000000089800000|100%| O|  |TAMS 0x0000000089700000, 0x0000000089700000| Untracked 
| 152|0x0000000089800000, 0x0000000089900000, 0x0000000089900000|100%| O|  |TAMS 0x0000000089800000, 0x0000000089800000| Untracked 
| 153|0x0000000089900000, 0x0000000089a00000, 0x0000000089a00000|100%| O|  |TAMS 0x0000000089900000, 0x0000000089900000| Untracked 
| 154|0x0000000089a00000, 0x0000000089b00000, 0x0000000089b00000|100%| O|  |TAMS 0x0000000089a00000, 0x0000000089a00000| Untracked 
| 155|0x0000000089b00000, 0x0000000089c00000, 0x0000000089c00000|100%| O|  |TAMS 0x0000000089b00000, 0x0000000089b00000| Untracked 
| 156|0x0000000089c00000, 0x0000000089d00000, 0x0000000089d00000|100%| O|  |TAMS 0x0000000089c00000, 0x0000000089c00000| Untracked 
| 157|0x0000000089d00000, 0x0000000089e00000, 0x0000000089e00000|100%|HS|  |TAMS 0x0000000089d00000, 0x0000000089d00000| Complete 
| 158|0x0000000089e00000, 0x0000000089f00000, 0x0000000089f00000|100%|HS|  |TAMS 0x0000000089e00000, 0x0000000089e00000| Complete 
| 159|0x0000000089f00000, 0x000000008a000000, 0x000000008a000000|100%|HS|  |TAMS 0x0000000089f00000, 0x0000000089f00000| Complete 
| 160|0x000000008a000000, 0x000000008a100000, 0x000000008a100000|100%|HS|  |TAMS 0x000000008a000000, 0x000000008a000000| Complete 
| 161|0x000000008a100000, 0x000000008a200000, 0x000000008a200000|100%| O|  |TAMS 0x000000008a100000, 0x000000008a100000| Untracked 
| 162|0x000000008a200000, 0x000000008a300000, 0x000000008a300000|100%| O|  |TAMS 0x000000008a200000, 0x000000008a200000| Untracked 
| 163|0x000000008a300000, 0x000000008a400000, 0x000000008a400000|100%| O|  |TAMS 0x000000008a300000, 0x000000008a300000| Untracked 
| 164|0x000000008a400000, 0x000000008a500000, 0x000000008a500000|100%| O|  |TAMS 0x000000008a400000, 0x000000008a400000| Untracked 
| 165|0x000000008a500000, 0x000000008a600000, 0x000000008a600000|100%| O|  |TAMS 0x000000008a500000, 0x000000008a500000| Untracked 
| 166|0x000000008a600000, 0x000000008a700000, 0x000000008a700000|100%| O|  |TAMS 0x000000008a600000, 0x000000008a600000| Untracked 
| 167|0x000000008a700000, 0x000000008a800000, 0x000000008a800000|100%| O|  |TAMS 0x000000008a700000, 0x000000008a700000| Untracked 
| 168|0x000000008a800000, 0x000000008a900000, 0x000000008a900000|100%| O|  |TAMS 0x000000008a800000, 0x000000008a800000| Untracked 
| 169|0x000000008a900000, 0x000000008aa00000, 0x000000008aa00000|100%| O|  |TAMS 0x000000008a900000, 0x000000008a900000| Untracked 
| 170|0x000000008aa00000, 0x000000008ab00000, 0x000000008ab00000|100%| O|  |TAMS 0x000000008aa00000, 0x000000008aa00000| Untracked 
| 171|0x000000008ab00000, 0x000000008ac00000, 0x000000008ac00000|100%| O|  |TAMS 0x000000008ab00000, 0x000000008ab00000| Untracked 
| 172|0x000000008ac00000, 0x000000008ad00000, 0x000000008ad00000|100%| O|  |TAMS 0x000000008ac00000, 0x000000008ac00000| Untracked 
| 173|0x000000008ad00000, 0x000000008ae00000, 0x000000008ae00000|100%| O|  |TAMS 0x000000008ad00000, 0x000000008ad00000| Untracked 
| 174|0x000000008ae00000, 0x000000008ae42600, 0x000000008af00000| 25%| O|  |TAMS 0x000000008ae00000, 0x000000008ae00000| Untracked 
| 175|0x000000008af00000, 0x000000008af00000, 0x000000008b000000|  0%| F|  |TAMS 0x000000008af00000, 0x000000008af00000| Untracked 
| 176|0x000000008b000000, 0x000000008b000000, 0x000000008b100000|  0%| F|  |TAMS 0x000000008b000000, 0x000000008b000000| Untracked 
| 177|0x000000008b100000, 0x000000008b100000, 0x000000008b200000|  0%| F|  |TAMS 0x000000008b100000, 0x000000008b100000| Untracked 
| 178|0x000000008b200000, 0x000000008b200000, 0x000000008b300000|  0%| F|  |TAMS 0x000000008b200000, 0x000000008b200000| Untracked 
| 179|0x000000008b300000, 0x000000008b300000, 0x000000008b400000|  0%| F|  |TAMS 0x000000008b300000, 0x000000008b300000| Untracked 
| 180|0x000000008b400000, 0x000000008b400000, 0x000000008b500000|  0%| F|  |TAMS 0x000000008b400000, 0x000000008b400000| Untracked 
| 181|0x000000008b500000, 0x000000008b500000, 0x000000008b600000|  0%| F|  |TAMS 0x000000008b500000, 0x000000008b500000| Untracked 
| 182|0x000000008b600000, 0x000000008b600000, 0x000000008b700000|  0%| F|  |TAMS 0x000000008b600000, 0x000000008b600000| Untracked 
| 183|0x000000008b700000, 0x000000008b700000, 0x000000008b800000|  0%| F|  |TAMS 0x000000008b700000, 0x000000008b700000| Untracked 
| 184|0x000000008b800000, 0x000000008b800000, 0x000000008b900000|  0%| F|  |TAMS 0x000000008b800000, 0x000000008b800000| Untracked 
| 185|0x000000008b900000, 0x000000008b900000, 0x000000008ba00000|  0%| F|  |TAMS 0x000000008b900000, 0x000000008b900000| Untracked 
| 186|0x000000008ba00000, 0x000000008ba00000, 0x000000008bb00000|  0%| F|  |TAMS 0x000000008ba00000, 0x000000008ba00000| Untracked 
| 187|0x000000008bb00000, 0x000000008bb00000, 0x000000008bc00000|  0%| F|  |TAMS 0x000000008bb00000, 0x000000008bb00000| Untracked 
| 188|0x000000008bc00000, 0x000000008bc00000, 0x000000008bd00000|  0%| F|  |TAMS 0x000000008bc00000, 0x000000008bc00000| Untracked 
| 189|0x000000008bd00000, 0x000000008bd00000, 0x000000008be00000|  0%| F|  |TAMS 0x000000008bd00000, 0x000000008bd00000| Untracked 
| 190|0x000000008be00000, 0x000000008be00000, 0x000000008bf00000|  0%| F|  |TAMS 0x000000008be00000, 0x000000008be00000| Untracked 
| 191|0x000000008bf00000, 0x000000008bf00000, 0x000000008c000000|  0%| F|  |TAMS 0x000000008bf00000, 0x000000008bf00000| Untracked 
| 192|0x000000008c000000, 0x000000008c000000, 0x000000008c100000|  0%| F|  |TAMS 0x000000008c000000, 0x000000008c000000| Untracked 
| 193|0x000000008c100000, 0x000000008c100000, 0x000000008c200000|  0%| F|  |TAMS 0x000000008c100000, 0x000000008c100000| Untracked 
| 194|0x000000008c200000, 0x000000008c200000, 0x000000008c300000|  0%| F|  |TAMS 0x000000008c200000, 0x000000008c200000| Untracked 
| 195|0x000000008c300000, 0x000000008c300000, 0x000000008c400000|  0%| F|  |TAMS 0x000000008c300000, 0x000000008c300000| Untracked 
| 196|0x000000008c400000, 0x000000008c400000, 0x000000008c500000|  0%| F|  |TAMS 0x000000008c400000, 0x000000008c400000| Untracked 
| 197|0x000000008c500000, 0x000000008c500000, 0x000000008c600000|  0%| F|  |TAMS 0x000000008c500000, 0x000000008c500000| Untracked 
| 198|0x000000008c600000, 0x000000008c600000, 0x000000008c700000|  0%| F|  |TAMS 0x000000008c600000, 0x000000008c600000| Untracked 
| 199|0x000000008c700000, 0x000000008c700000, 0x000000008c800000|  0%| F|  |TAMS 0x000000008c700000, 0x000000008c700000| Untracked 
| 200|0x000000008c800000, 0x000000008c800000, 0x000000008c900000|  0%| F|  |TAMS 0x000000008c800000, 0x000000008c800000| Untracked 
| 201|0x000000008c900000, 0x000000008c900000, 0x000000008ca00000|  0%| F|  |TAMS 0x000000008c900000, 0x000000008c900000| Untracked 
| 202|0x000000008ca00000, 0x000000008ca00000, 0x000000008cb00000|  0%| F|  |TAMS 0x000000008ca00000, 0x000000008ca00000| Untracked 
| 203|0x000000008cb00000, 0x000000008cb00000, 0x000000008cc00000|  0%| F|  |TAMS 0x000000008cb00000, 0x000000008cb00000| Untracked 
| 204|0x000000008cc00000, 0x000000008cc00000, 0x000000008cd00000|  0%| F|  |TAMS 0x000000008cc00000, 0x000000008cc00000| Untracked 
| 205|0x000000008cd00000, 0x000000008cd00000, 0x000000008ce00000|  0%| F|  |TAMS 0x000000008cd00000, 0x000000008cd00000| Untracked 
| 206|0x000000008ce00000, 0x000000008ce00000, 0x000000008cf00000|  0%| F|  |TAMS 0x000000008ce00000, 0x000000008ce00000| Untracked 
| 207|0x000000008cf00000, 0x000000008cf00000, 0x000000008d000000|  0%| F|  |TAMS 0x000000008cf00000, 0x000000008cf00000| Untracked 
| 208|0x000000008d000000, 0x000000008d000000, 0x000000008d100000|  0%| F|  |TAMS 0x000000008d000000, 0x000000008d000000| Untracked 
| 209|0x000000008d100000, 0x000000008d100000, 0x000000008d200000|  0%| F|  |TAMS 0x000000008d100000, 0x000000008d100000| Untracked 
| 210|0x000000008d200000, 0x000000008d200000, 0x000000008d300000|  0%| F|  |TAMS 0x000000008d200000, 0x000000008d200000| Untracked 
| 211|0x000000008d300000, 0x000000008d300000, 0x000000008d400000|  0%| F|  |TAMS 0x000000008d300000, 0x000000008d300000| Untracked 
| 212|0x000000008d400000, 0x000000008d400000, 0x000000008d500000|  0%| F|  |TAMS 0x000000008d400000, 0x000000008d400000| Untracked 
| 213|0x000000008d500000, 0x000000008d500000, 0x000000008d600000|  0%| F|  |TAMS 0x000000008d500000, 0x000000008d500000| Untracked 
| 214|0x000000008d600000, 0x000000008d600000, 0x000000008d700000|  0%| F|  |TAMS 0x000000008d600000, 0x000000008d600000| Untracked 
| 215|0x000000008d700000, 0x000000008d700000, 0x000000008d800000|  0%| F|  |TAMS 0x000000008d700000, 0x000000008d700000| Untracked 
| 216|0x000000008d800000, 0x000000008d800000, 0x000000008d900000|  0%| F|  |TAMS 0x000000008d800000, 0x000000008d800000| Untracked 
| 217|0x000000008d900000, 0x000000008d900000, 0x000000008da00000|  0%| F|  |TAMS 0x000000008d900000, 0x000000008d900000| Untracked 
| 218|0x000000008da00000, 0x000000008da00000, 0x000000008db00000|  0%| F|  |TAMS 0x000000008da00000, 0x000000008da00000| Untracked 
| 219|0x000000008db00000, 0x000000008db00000, 0x000000008dc00000|  0%| F|  |TAMS 0x000000008db00000, 0x000000008db00000| Untracked 
| 220|0x000000008dc00000, 0x000000008dc00000, 0x000000008dd00000|  0%| F|  |TAMS 0x000000008dc00000, 0x000000008dc00000| Untracked 
| 221|0x000000008dd00000, 0x000000008dd00000, 0x000000008de00000|  0%| F|  |TAMS 0x000000008dd00000, 0x000000008dd00000| Untracked 
| 222|0x000000008de00000, 0x000000008de00000, 0x000000008df00000|  0%| F|  |TAMS 0x000000008de00000, 0x000000008de00000| Untracked 
| 223|0x000000008df00000, 0x000000008df00000, 0x000000008e000000|  0%| F|  |TAMS 0x000000008df00000, 0x000000008df00000| Untracked 
| 224|0x000000008e000000, 0x000000008e000000, 0x000000008e100000|  0%| F|  |TAMS 0x000000008e000000, 0x000000008e000000| Untracked 
| 225|0x000000008e100000, 0x000000008e100000, 0x000000008e200000|  0%| F|  |TAMS 0x000000008e100000, 0x000000008e100000| Untracked 
| 226|0x000000008e200000, 0x000000008e200000, 0x000000008e300000|  0%| F|  |TAMS 0x000000008e200000, 0x000000008e200000| Untracked 
| 227|0x000000008e300000, 0x000000008e300000, 0x000000008e400000|  0%| F|  |TAMS 0x000000008e300000, 0x000000008e300000| Untracked 
| 228|0x000000008e400000, 0x000000008e400000, 0x000000008e500000|  0%| F|  |TAMS 0x000000008e400000, 0x000000008e400000| Untracked 
| 229|0x000000008e500000, 0x000000008e500000, 0x000000008e600000|  0%| F|  |TAMS 0x000000008e500000, 0x000000008e500000| Untracked 
| 230|0x000000008e600000, 0x000000008e600000, 0x000000008e700000|  0%| F|  |TAMS 0x000000008e600000, 0x000000008e600000| Untracked 
| 231|0x000000008e700000, 0x000000008e700000, 0x000000008e800000|  0%| F|  |TAMS 0x000000008e700000, 0x000000008e700000| Untracked 
| 232|0x000000008e800000, 0x000000008e800000, 0x000000008e900000|  0%| F|  |TAMS 0x000000008e800000, 0x000000008e800000| Untracked 
| 233|0x000000008e900000, 0x000000008e900000, 0x000000008ea00000|  0%| F|  |TAMS 0x000000008e900000, 0x000000008e900000| Untracked 
| 234|0x000000008ea00000, 0x000000008ea00000, 0x000000008eb00000|  0%| F|  |TAMS 0x000000008ea00000, 0x000000008ea00000| Untracked 
| 235|0x000000008eb00000, 0x000000008eb00000, 0x000000008ec00000|  0%| F|  |TAMS 0x000000008eb00000, 0x000000008eb00000| Untracked 
| 236|0x000000008ec00000, 0x000000008ec00000, 0x000000008ed00000|  0%| F|  |TAMS 0x000000008ec00000, 0x000000008ec00000| Untracked 
| 237|0x000000008ed00000, 0x000000008ed00000, 0x000000008ee00000|  0%| F|  |TAMS 0x000000008ed00000, 0x000000008ed00000| Untracked 
| 238|0x000000008ee00000, 0x000000008ee00000, 0x000000008ef00000|  0%| F|  |TAMS 0x000000008ee00000, 0x000000008ee00000| Untracked 
| 239|0x000000008ef00000, 0x000000008ef00000, 0x000000008f000000|  0%| F|  |TAMS 0x000000008ef00000, 0x000000008ef00000| Untracked 
| 240|0x000000008f000000, 0x000000008f000000, 0x000000008f100000|  0%| F|  |TAMS 0x000000008f000000, 0x000000008f000000| Untracked 
| 241|0x000000008f100000, 0x000000008f100000, 0x000000008f200000|  0%| F|  |TAMS 0x000000008f100000, 0x000000008f100000| Untracked 
| 242|0x000000008f200000, 0x000000008f200000, 0x000000008f300000|  0%| F|  |TAMS 0x000000008f200000, 0x000000008f200000| Untracked 
| 243|0x000000008f300000, 0x000000008f300000, 0x000000008f400000|  0%| F|  |TAMS 0x000000008f300000, 0x000000008f300000| Untracked 
| 244|0x000000008f400000, 0x000000008f400000, 0x000000008f500000|  0%| F|  |TAMS 0x000000008f400000, 0x000000008f400000| Untracked 
| 245|0x000000008f500000, 0x000000008f500000, 0x000000008f600000|  0%| F|  |TAMS 0x000000008f500000, 0x000000008f500000| Untracked 
| 246|0x000000008f600000, 0x000000008f600000, 0x000000008f700000|  0%| F|  |TAMS 0x000000008f600000, 0x000000008f600000| Untracked 
| 247|0x000000008f700000, 0x000000008f700000, 0x000000008f800000|  0%| F|  |TAMS 0x000000008f700000, 0x000000008f700000| Untracked 
| 248|0x000000008f800000, 0x000000008f800000, 0x000000008f900000|  0%| F|  |TAMS 0x000000008f800000, 0x000000008f800000| Untracked 
| 249|0x000000008f900000, 0x000000008f900000, 0x000000008fa00000|  0%| F|  |TAMS 0x000000008f900000, 0x000000008f900000| Untracked 
| 250|0x000000008fa00000, 0x000000008fa00000, 0x000000008fb00000|  0%| F|  |TAMS 0x000000008fa00000, 0x000000008fa00000| Untracked 
| 251|0x000000008fb00000, 0x000000008fb00000, 0x000000008fc00000|  0%| F|  |TAMS 0x000000008fb00000, 0x000000008fb00000| Untracked 
| 252|0x000000008fc00000, 0x000000008fc00000, 0x000000008fd00000|  0%| F|  |TAMS 0x000000008fc00000, 0x000000008fc00000| Untracked 
| 253|0x000000008fd00000, 0x000000008fd00000, 0x000000008fe00000|  0%| F|  |TAMS 0x000000008fd00000, 0x000000008fd00000| Untracked 
| 254|0x000000008fe00000, 0x000000008fe00000, 0x000000008ff00000|  0%| F|  |TAMS 0x000000008fe00000, 0x000000008fe00000| Untracked 
| 255|0x000000008ff00000, 0x000000008ff00000, 0x0000000090000000|  0%| F|  |TAMS 0x000000008ff00000, 0x000000008ff00000| Untracked 
| 256|0x0000000090000000, 0x0000000090000000, 0x0000000090100000|  0%| F|  |TAMS 0x0000000090000000, 0x0000000090000000| Untracked 
| 257|0x0000000090100000, 0x0000000090100000, 0x0000000090200000|  0%| F|  |TAMS 0x0000000090100000, 0x0000000090100000| Untracked 
| 258|0x0000000090200000, 0x0000000090200000, 0x0000000090300000|  0%| F|  |TAMS 0x0000000090200000, 0x0000000090200000| Untracked 
| 259|0x0000000090300000, 0x0000000090300000, 0x0000000090400000|  0%| F|  |TAMS 0x0000000090300000, 0x0000000090300000| Untracked 
| 260|0x0000000090400000, 0x0000000090400000, 0x0000000090500000|  0%| F|  |TAMS 0x0000000090400000, 0x0000000090400000| Untracked 
| 261|0x0000000090500000, 0x0000000090500000, 0x0000000090600000|  0%| F|  |TAMS 0x0000000090500000, 0x0000000090500000| Untracked 
| 262|0x0000000090600000, 0x0000000090600000, 0x0000000090700000|  0%| F|  |TAMS 0x0000000090600000, 0x0000000090600000| Untracked 
| 263|0x0000000090700000, 0x0000000090700000, 0x0000000090800000|  0%| F|  |TAMS 0x0000000090700000, 0x0000000090700000| Untracked 
| 264|0x0000000090800000, 0x0000000090800000, 0x0000000090900000|  0%| F|  |TAMS 0x0000000090800000, 0x0000000090800000| Untracked 
| 265|0x0000000090900000, 0x0000000090900000, 0x0000000090a00000|  0%| F|  |TAMS 0x0000000090900000, 0x0000000090900000| Untracked 
| 266|0x0000000090a00000, 0x0000000090a00000, 0x0000000090b00000|  0%| F|  |TAMS 0x0000000090a00000, 0x0000000090a00000| Untracked 
| 267|0x0000000090b00000, 0x0000000090b00000, 0x0000000090c00000|  0%| F|  |TAMS 0x0000000090b00000, 0x0000000090b00000| Untracked 
| 268|0x0000000090c00000, 0x0000000090c00000, 0x0000000090d00000|  0%| F|  |TAMS 0x0000000090c00000, 0x0000000090c00000| Untracked 
| 269|0x0000000090d00000, 0x0000000090d00000, 0x0000000090e00000|  0%| F|  |TAMS 0x0000000090d00000, 0x0000000090d00000| Untracked 
| 270|0x0000000090e00000, 0x0000000090e00000, 0x0000000090f00000|  0%| F|  |TAMS 0x0000000090e00000, 0x0000000090e00000| Untracked 
| 271|0x0000000090f00000, 0x0000000090f00000, 0x0000000091000000|  0%| F|  |TAMS 0x0000000090f00000, 0x0000000090f00000| Untracked 
| 272|0x0000000091000000, 0x0000000091000000, 0x0000000091100000|  0%| F|  |TAMS 0x0000000091000000, 0x0000000091000000| Untracked 
| 273|0x0000000091100000, 0x0000000091100000, 0x0000000091200000|  0%| F|  |TAMS 0x0000000091100000, 0x0000000091100000| Untracked 
| 274|0x0000000091200000, 0x0000000091200000, 0x0000000091300000|  0%| F|  |TAMS 0x0000000091200000, 0x0000000091200000| Untracked 
| 275|0x0000000091300000, 0x0000000091300000, 0x0000000091400000|  0%| F|  |TAMS 0x0000000091300000, 0x0000000091300000| Untracked 
| 276|0x0000000091400000, 0x0000000091400000, 0x0000000091500000|  0%| F|  |TAMS 0x0000000091400000, 0x0000000091400000| Untracked 
| 277|0x0000000091500000, 0x0000000091500000, 0x0000000091600000|  0%| F|  |TAMS 0x0000000091500000, 0x0000000091500000| Untracked 
| 278|0x0000000091600000, 0x0000000091600000, 0x0000000091700000|  0%| F|  |TAMS 0x0000000091600000, 0x0000000091600000| Untracked 
| 279|0x0000000091700000, 0x0000000091700000, 0x0000000091800000|  0%| F|  |TAMS 0x0000000091700000, 0x0000000091700000| Untracked 
| 280|0x0000000091800000, 0x0000000091800000, 0x0000000091900000|  0%| F|  |TAMS 0x0000000091800000, 0x0000000091800000| Untracked 
| 281|0x0000000091900000, 0x0000000091900000, 0x0000000091a00000|  0%| F|  |TAMS 0x0000000091900000, 0x0000000091900000| Untracked 
| 282|0x0000000091a00000, 0x0000000091a00000, 0x0000000091b00000|  0%| F|  |TAMS 0x0000000091a00000, 0x0000000091a00000| Untracked 
| 283|0x0000000091b00000, 0x0000000091b00000, 0x0000000091c00000|  0%| F|  |TAMS 0x0000000091b00000, 0x0000000091b00000| Untracked 
| 284|0x0000000091c00000, 0x0000000091c00000, 0x0000000091d00000|  0%| F|  |TAMS 0x0000000091c00000, 0x0000000091c00000| Untracked 
| 285|0x0000000091d00000, 0x0000000091d00000, 0x0000000091e00000|  0%| F|  |TAMS 0x0000000091d00000, 0x0000000091d00000| Untracked 
| 286|0x0000000091e00000, 0x0000000091e00000, 0x0000000091f00000|  0%| F|  |TAMS 0x0000000091e00000, 0x0000000091e00000| Untracked 
| 287|0x0000000091f00000, 0x0000000091f00000, 0x0000000092000000|  0%| F|  |TAMS 0x0000000091f00000, 0x0000000091f00000| Untracked 
| 288|0x0000000092000000, 0x0000000092000000, 0x0000000092100000|  0%| F|  |TAMS 0x0000000092000000, 0x0000000092000000| Untracked 
| 289|0x0000000092100000, 0x0000000092100000, 0x0000000092200000|  0%| F|  |TAMS 0x0000000092100000, 0x0000000092100000| Untracked 
| 290|0x0000000092200000, 0x0000000092200000, 0x0000000092300000|  0%| F|  |TAMS 0x0000000092200000, 0x0000000092200000| Untracked 
| 291|0x0000000092300000, 0x0000000092300000, 0x0000000092400000|  0%| F|  |TAMS 0x0000000092300000, 0x0000000092300000| Untracked 
| 292|0x0000000092400000, 0x0000000092400000, 0x0000000092500000|  0%| F|  |TAMS 0x0000000092400000, 0x0000000092400000| Untracked 
| 293|0x0000000092500000, 0x0000000092500000, 0x0000000092600000|  0%| F|  |TAMS 0x0000000092500000, 0x0000000092500000| Untracked 
| 294|0x0000000092600000, 0x0000000092600000, 0x0000000092700000|  0%| F|  |TAMS 0x0000000092600000, 0x0000000092600000| Untracked 
| 295|0x0000000092700000, 0x0000000092700000, 0x0000000092800000|  0%| F|  |TAMS 0x0000000092700000, 0x0000000092700000| Untracked 
| 296|0x0000000092800000, 0x0000000092800000, 0x0000000092900000|  0%| F|  |TAMS 0x0000000092800000, 0x0000000092800000| Untracked 
| 297|0x0000000092900000, 0x0000000092900000, 0x0000000092a00000|  0%| F|  |TAMS 0x0000000092900000, 0x0000000092900000| Untracked 
| 298|0x0000000092a00000, 0x0000000092a00000, 0x0000000092b00000|  0%| F|  |TAMS 0x0000000092a00000, 0x0000000092a00000| Untracked 
| 299|0x0000000092b00000, 0x0000000092b00000, 0x0000000092c00000|  0%| F|  |TAMS 0x0000000092b00000, 0x0000000092b00000| Untracked 
| 300|0x0000000092c00000, 0x0000000092c00000, 0x0000000092d00000|  0%| F|  |TAMS 0x0000000092c00000, 0x0000000092c00000| Untracked 
| 301|0x0000000092d00000, 0x0000000092d00000, 0x0000000092e00000|  0%| F|  |TAMS 0x0000000092d00000, 0x0000000092d00000| Untracked 
| 302|0x0000000092e00000, 0x0000000092e00000, 0x0000000092f00000|  0%| F|  |TAMS 0x0000000092e00000, 0x0000000092e00000| Untracked 
| 303|0x0000000092f00000, 0x0000000092f00000, 0x0000000093000000|  0%| F|  |TAMS 0x0000000092f00000, 0x0000000092f00000| Untracked 
| 304|0x0000000093000000, 0x0000000093000000, 0x0000000093100000|  0%| F|  |TAMS 0x0000000093000000, 0x0000000093000000| Untracked 
| 305|0x0000000093100000, 0x0000000093100000, 0x0000000093200000|  0%| F|  |TAMS 0x0000000093100000, 0x0000000093100000| Untracked 
| 306|0x0000000093200000, 0x0000000093200000, 0x0000000093300000|  0%| F|  |TAMS 0x0000000093200000, 0x0000000093200000| Untracked 
| 307|0x0000000093300000, 0x0000000093300000, 0x0000000093400000|  0%| F|  |TAMS 0x0000000093300000, 0x0000000093300000| Untracked 
| 308|0x0000000093400000, 0x0000000093400000, 0x0000000093500000|  0%| F|  |TAMS 0x0000000093400000, 0x0000000093400000| Untracked 
| 309|0x0000000093500000, 0x0000000093500000, 0x0000000093600000|  0%| F|  |TAMS 0x0000000093500000, 0x0000000093500000| Untracked 
| 310|0x0000000093600000, 0x0000000093600000, 0x0000000093700000|  0%| F|  |TAMS 0x0000000093600000, 0x0000000093600000| Untracked 
| 311|0x0000000093700000, 0x000000009374d398, 0x0000000093800000| 30%| S|CS|TAMS 0x0000000093700000, 0x0000000093700000| Complete 
| 312|0x0000000093800000, 0x0000000093900000, 0x0000000093900000|100%| S|CS|TAMS 0x0000000093800000, 0x0000000093800000| Complete 
| 313|0x0000000093900000, 0x0000000093900000, 0x0000000093a00000|  0%| F|  |TAMS 0x0000000093900000, 0x0000000093900000| Untracked 
| 314|0x0000000093a00000, 0x0000000093a00000, 0x0000000093b00000|  0%| F|  |TAMS 0x0000000093a00000, 0x0000000093a00000| Untracked 
| 315|0x0000000093b00000, 0x0000000093b00000, 0x0000000093c00000|  0%| F|  |TAMS 0x0000000093b00000, 0x0000000093b00000| Untracked 
| 316|0x0000000093c00000, 0x0000000093c00000, 0x0000000093d00000|  0%| F|  |TAMS 0x0000000093c00000, 0x0000000093c00000| Untracked 
| 317|0x0000000093d00000, 0x0000000093d00000, 0x0000000093e00000|  0%| F|  |TAMS 0x0000000093d00000, 0x0000000093d00000| Untracked 
| 318|0x0000000093e00000, 0x0000000093e00000, 0x0000000093f00000|  0%| F|  |TAMS 0x0000000093e00000, 0x0000000093e00000| Untracked 
| 319|0x0000000093f00000, 0x0000000093f00000, 0x0000000094000000|  0%| F|  |TAMS 0x0000000093f00000, 0x0000000093f00000| Untracked 

Card table byte_map: [0x0000024d57150000,0x0000024d57550000] _byte_map_base: 0x0000024d56d50000

Marking Bits (Prev, Next): (CMBitMap*) 0x0000024d3f99e8f0, (CMBitMap*) 0x0000024d3f99e930
 Prev Bits: [0x0000024d57950000, 0x0000024d59950000)
 Next Bits: [0x0000024d59950000, 0x0000024d5b950000)

Polling page: 0x0000024d3d850000

Metaspace:

Usage:
  Non-class:     50.50 MB used.
      Class:      8.15 MB used.
       Both:     58.65 MB used.

Virtual space:
  Non-class space:       64.00 MB reserved,      50.81 MB ( 79%) committed,  1 nodes.
      Class space:        1.00 GB reserved,       8.44 MB ( <1%) committed,  1 nodes.
             Both:        1.06 GB reserved,      59.25 MB (  5%) committed. 

Chunk freelists:
   Non-Class:  13.19 MB
       Class:  7.50 MB
        Both:  20.68 MB

MaxMetaspaceSize: unlimited
CompressedClassSpaceSize: 1.00 GB
Initial GC threshold: 21.00 MB
Current GC threshold: 98.75 MB
CDS: on
MetaspaceReclaimPolicy: balanced
 - commit_granule_bytes: 65536.
 - commit_granule_words: 8192.
 - virtual_space_node_default_size: 8388608.
 - enlarge_chunks_in_place: 1.
 - new_chunks_are_fully_committed: 0.
 - uncommit_free_chunks: 1.
 - use_allocation_guard: 0.
 - handle_deallocations: 1.


Internal statistics:

num_allocs_failed_limit: 6.
num_arena_births: 728.
num_arena_deaths: 34.
num_vsnodes_births: 2.
num_vsnodes_deaths: 0.
num_space_committed: 948.
num_space_uncommitted: 0.
num_chunks_returned_to_freelist: 50.
num_chunks_taken_from_freelist: 2996.
num_chunk_merges: 24.
num_chunk_splits: 1981.
num_chunks_enlarged: 1323.
num_inconsistent_stats: 0.

CodeHeap 'non-profiled nmethods': size=119168Kb used=6754Kb max_used=6754Kb free=112413Kb
 bounds [0x0000024d4f060000, 0x0000024d4f700000, 0x0000024d564c0000]
CodeHeap 'profiled nmethods': size=119104Kb used=17224Kb max_used=17224Kb free=101879Kb
 bounds [0x0000024d474c0000, 0x0000024d485a0000, 0x0000024d4e910000]
CodeHeap 'non-nmethods': size=7488Kb used=3421Kb max_used=3496Kb free=4066Kb
 bounds [0x0000024d4e910000, 0x0000024d4ec90000, 0x0000024d4f060000]
 total_blobs=10318 nmethods=9533 adapters=692
 compilation: enabled
              stopped_count=0, restarted_count=0
 full_count=0

Compilation events (20 events):
Event: 23.905 Thread 0x0000024da4ec5cf0 nmethod 11220 0x0000024d4858bb10 code [0x0000024d4858bca0, 0x0000024d4858be38]
Event: 23.912 Thread 0x0000024da4ec4260 11223       2       org.objectweb.asm.SymbolTable::putConstantPool (28 bytes)
Event: 23.912 Thread 0x0000024da4ec5cf0 11224       2       org.objectweb.asm.ByteVector::<init> (12 bytes)
Event: 23.912 Thread 0x0000024d5dd35440 11225       2       org.objectweb.asm.SymbolTable::getConstantPoolLength (8 bytes)
Event: 23.913 Thread 0x0000024da4ec5cf0 nmethod 11224 0x0000024d4858bf10 code [0x0000024d4858c0a0, 0x0000024d4858c298]
Event: 23.913 Thread 0x0000024da4ec4260 nmethod 11223 0x0000024d4858c390 code [0x0000024d4858c540, 0x0000024d4858c6b8]
Event: 23.913 Thread 0x0000024d5dd35440 nmethod 11225 0x0000024d4858c810 code [0x0000024d4858c9a0, 0x0000024d4858cab8]
Event: 23.919 Thread 0x0000024d5dd35440 11226       3       org.gradle.internal.snapshot.FileSystemLocationSnapshot$$Lambda$514/0x0000024d604bd590::apply (10 bytes)
Event: 23.921 Thread 0x0000024d5dd35440 nmethod 11226 0x0000024d4858cb90 code [0x0000024d4858cd40, 0x0000024d4858d038]
Event: 23.922 Thread 0x0000024da4ec5cf0 11227       2       org.objectweb.asm.SymbolTable::computeBootstrapMethodsSize (27 bytes)
Event: 23.923 Thread 0x0000024da4ec5cf0 nmethod 11227 0x0000024d4858d190 code [0x0000024d4858d340, 0x0000024d4858d4c8]
Event: 23.924 Thread 0x0000024da4ec5cf0 11228       1       org.objectweb.asm.SymbolTable::getConstantPoolCount (5 bytes)
Event: 23.924 Thread 0x0000024da4ec5cf0 nmethod 11228 0x0000024d4f6f8310 code [0x0000024d4f6f84a0, 0x0000024d4f6f8578]
Event: 23.925 Thread 0x0000024d5dd35440 11229 %     3       org.gradle.api.internal.initialization.transform.MergeInstrumentationAnalysisTransform::doMergeAndOutputAnalysis @ 65 (167 bytes)
Event: 23.930 Thread 0x0000024da4ec6240 nmethod 10728 0x0000024d4f6e9d90 code [0x0000024d4f6ea600, 0x0000024d4f6f3b88]
Event: 23.939 Thread 0x0000024d5dd35440 nmethod 11229% 0x0000024d4858d590 code [0x0000024d4858db20, 0x0000024d48591128]
Event: 23.943 Thread 0x0000024da4ec5cf0 11230 %     3       org.objectweb.asm.ClassWriter::toByteArray @ 824 (1535 bytes)
Event: 23.957 Thread 0x0000024da4ec6240 11218       4       jdk.internal.reflect.DelegatingMethodAccessorImpl::invoke (10 bytes)
Event: 23.971 Thread 0x0000024da4ec6240 nmethod 11218 0x0000024d4f6f8610 code [0x0000024d4f6f87a0, 0x0000024d4f6f8838]
Event: 23.972 Thread 0x0000024da4ec6240 11222       4       org.objectweb.asm.MethodWriter::hasFrames (13 bytes)

GC Heap History (20 events):
Event: 22.166 GC heap after
{Heap after GC invocations=42 (full 0):
 garbage-first heap   total 268288K, used 132096K [0x0000000080000000, 0x0000000100000000)
  region size 1024K, 16 young (16384K), 16 survivors (16384K)
 Metaspace       used 58165K, committed 58752K, reserved 1114112K
  class space    used 8116K, committed 8384K, reserved 1048576K
}
Event: 22.699 GC heap before
{Heap before GC invocations=42 (full 0):
 garbage-first heap   total 268288K, used 206848K [0x0000000080000000, 0x0000000100000000)
  region size 1024K, 86 young (88064K), 16 survivors (16384K)
 Metaspace       used 59506K, committed 60032K, reserved 1114112K
  class space    used 8341K, committed 8576K, reserved 1048576K
}
Event: 22.711 GC heap after
{Heap after GC invocations=43 (full 0):
 garbage-first heap   total 268288K, used 151552K [0x0000000080000000, 0x0000000100000000)
  region size 1024K, 11 young (11264K), 11 survivors (11264K)
 Metaspace       used 59506K, committed 60032K, reserved 1114112K
  class space    used 8341K, committed 8576K, reserved 1048576K
}
Event: 22.832 GC heap before
{Heap before GC invocations=43 (full 0):
 garbage-first heap   total 268288K, used 209920K [0x0000000080000000, 0x0000000100000000)
  region size 1024K, 69 young (70656K), 11 survivors (11264K)
 Metaspace       used 59640K, committed 60160K, reserved 1114112K
  class space    used 8342K, committed 8576K, reserved 1048576K
}
Event: 22.839 GC heap after
{Heap after GC invocations=44 (full 0):
 garbage-first heap   total 322560K, used 154582K [0x0000000080000000, 0x0000000100000000)
  region size 1024K, 3 young (3072K), 3 survivors (3072K)
 Metaspace       used 59640K, committed 60160K, reserved 1114112K
  class space    used 8342K, committed 8576K, reserved 1048576K
}
Event: 23.040 GC heap before
{Heap before GC invocations=45 (full 0):
 garbage-first heap   total 322560K, used 240598K [0x0000000080000000, 0x0000000100000000)
  region size 1024K, 91 young (93184K), 3 survivors (3072K)
 Metaspace       used 59766K, committed 60352K, reserved 1114112K
  class space    used 8346K, committed 8640K, reserved 1048576K
}
Event: 23.043 GC heap after
{Heap after GC invocations=46 (full 0):
 garbage-first heap   total 322560K, used 151110K [0x0000000080000000, 0x0000000100000000)
  region size 1024K, 2 young (2048K), 2 survivors (2048K)
 Metaspace       used 59766K, committed 60352K, reserved 1114112K
  class space    used 8346K, committed 8640K, reserved 1048576K
}
Event: 23.061 GC heap before
{Heap before GC invocations=46 (full 0):
 garbage-first heap   total 322560K, used 163398K [0x0000000080000000, 0x0000000100000000)
  region size 1024K, 15 young (15360K), 2 survivors (2048K)
 Metaspace       used 59774K, committed 60352K, reserved 1114112K
  class space    used 8346K, committed 8640K, reserved 1048576K
}
Event: 23.064 GC heap after
{Heap after GC invocations=47 (full 0):
 garbage-first heap   total 322560K, used 144657K [0x0000000080000000, 0x0000000100000000)
  region size 1024K, 1 young (1024K), 1 survivors (1024K)
 Metaspace       used 59774K, committed 60352K, reserved 1114112K
  class space    used 8346K, committed 8640K, reserved 1048576K
}
Event: 23.251 GC heap before
{Heap before GC invocations=47 (full 0):
 garbage-first heap   total 322560K, used 248081K [0x0000000080000000, 0x0000000100000000)
  region size 1024K, 103 young (105472K), 1 survivors (1024K)
 Metaspace       used 59919K, committed 60544K, reserved 1114112K
  class space    used 8346K, committed 8640K, reserved 1048576K
}
Event: 23.252 GC heap after
{Heap after GC invocations=48 (full 0):
 garbage-first heap   total 322560K, used 145109K [0x0000000080000000, 0x0000000100000000)
  region size 1024K, 2 young (2048K), 2 survivors (2048K)
 Metaspace       used 59919K, committed 60544K, reserved 1114112K
  class space    used 8346K, committed 8640K, reserved 1048576K
}
Event: 23.495 GC heap before
{Heap before GC invocations=48 (full 0):
 garbage-first heap   total 322560K, used 252629K [0x0000000080000000, 0x0000000100000000)
  region size 1024K, 108 young (110592K), 2 survivors (2048K)
 Metaspace       used 60049K, committed 60608K, reserved 1114112K
  class space    used 8348K, committed 8640K, reserved 1048576K
}
Event: 23.498 GC heap after
{Heap after GC invocations=49 (full 0):
 garbage-first heap   total 322560K, used 151660K [0x0000000080000000, 0x0000000100000000)
  region size 1024K, 8 young (8192K), 8 survivors (8192K)
 Metaspace       used 60049K, committed 60608K, reserved 1114112K
  class space    used 8348K, committed 8640K, reserved 1048576K
}
Event: 23.691 GC heap before
{Heap before GC invocations=49 (full 0):
 garbage-first heap   total 322560K, used 256108K [0x0000000080000000, 0x0000000100000000)
  region size 1024K, 111 young (113664K), 8 survivors (8192K)
 Metaspace       used 60069K, committed 60672K, reserved 1114112K
  class space    used 8348K, committed 8640K, reserved 1048576K
}
Event: 23.698 GC heap after
{Heap after GC invocations=50 (full 0):
 garbage-first heap   total 322560K, used 162218K [0x0000000080000000, 0x0000000100000000)
  region size 1024K, 14 young (14336K), 14 survivors (14336K)
 Metaspace       used 60069K, committed 60672K, reserved 1114112K
  class space    used 8348K, committed 8640K, reserved 1048576K
}
Event: 23.728 GC heap before
{Heap before GC invocations=50 (full 0):
 garbage-first heap   total 322560K, used 178602K [0x0000000080000000, 0x0000000100000000)
  region size 1024K, 31 young (31744K), 14 survivors (14336K)
 Metaspace       used 60069K, committed 60672K, reserved 1114112K
  class space    used 8348K, committed 8640K, reserved 1048576K
}
Event: 23.735 GC heap after
{Heap after GC invocations=51 (full 0):
 garbage-first heap   total 322560K, used 163323K [0x0000000080000000, 0x0000000100000000)
  region size 1024K, 3 young (3072K), 3 survivors (3072K)
 Metaspace       used 60069K, committed 60672K, reserved 1114112K
  class space    used 8348K, committed 8640K, reserved 1048576K
}
Event: 23.931 GC heap before
{Heap before GC invocations=52 (full 0):
 garbage-first heap   total 327680K, used 259579K [0x0000000080000000, 0x0000000100000000)
  region size 1024K, 94 young (96256K), 3 survivors (3072K)
 Metaspace       used 60050K, committed 60672K, reserved 1114112K
  class space    used 8340K, committed 8640K, reserved 1048576K
}
Event: 23.939 GC heap after
{Heap after GC invocations=53 (full 0):
 garbage-first heap   total 327680K, used 173375K [0x0000000080000000, 0x0000000100000000)
  region size 1024K, 9 young (9216K), 9 survivors (9216K)
 Metaspace       used 60050K, committed 60672K, reserved 1114112K
  class space    used 8340K, committed 8640K, reserved 1048576K
}
Event: 23.972 GC heap before
{Heap before GC invocations=53 (full 0):
 garbage-first heap   total 327680K, used 179519K [0x0000000080000000, 0x0000000100000000)
  region size 1024K, 16 young (16384K), 9 survivors (9216K)
 Metaspace       used 60052K, committed 60672K, reserved 1114112K
  class space    used 8340K, committed 8640K, reserved 1048576K
}

Dll operation events (15 events):
Event: 0.012 Loaded shared library C:\Program Files\Microsoft\jdk-17.0.20.101-hotspot\bin\java.dll
Event: 0.029 Loaded shared library C:\Program Files\Microsoft\jdk-17.0.20.101-hotspot\bin\jsvml.dll
Event: 0.099 Loaded shared library C:\Program Files\Microsoft\jdk-17.0.20.101-hotspot\bin\zip.dll
Event: 0.109 Loaded shared library C:\Program Files\Microsoft\jdk-17.0.20.101-hotspot\bin\instrument.dll
Event: 0.115 Loaded shared library C:\Program Files\Microsoft\jdk-17.0.20.101-hotspot\bin\net.dll
Event: 0.117 Loaded shared library C:\Program Files\Microsoft\jdk-17.0.20.101-hotspot\bin\nio.dll
Event: 0.119 Loaded shared library C:\Program Files\Microsoft\jdk-17.0.20.101-hotspot\bin\zip.dll
Event: 0.489 Loaded shared library C:\Program Files\Microsoft\jdk-17.0.20.101-hotspot\bin\jimage.dll
Event: 0.707 Loaded shared library C:\Program Files\Microsoft\jdk-17.0.20.101-hotspot\bin\verify.dll
Event: 0.887 Loaded shared library C:\Users\Eason\Documents\Codex\fold-poc\.gradle-local3\native\1def1411415f61bf3af743bc5b6707747c0891f09f0c88961ee8f79bc544acac\windows-amd64\native-platform.dll
Event: 0.914 Loaded shared library C:\Users\Eason\Documents\Codex\fold-poc\.gradle-local3\native\0.2.7\x86_64-windows-gnu\gradle-fileevents.dll
Event: 2.650 Loaded shared library C:\Program Files\Microsoft\jdk-17.0.20.101-hotspot\bin\management.dll
Event: 2.654 Loaded shared library C:\Program Files\Microsoft\jdk-17.0.20.101-hotspot\bin\management_ext.dll
Event: 3.105 Loaded shared library C:\Program Files\Microsoft\jdk-17.0.20.101-hotspot\bin\extnet.dll
Event: 3.468 Loaded shared library C:\Program Files\Microsoft\jdk-17.0.20.101-hotspot\bin\sunmscapi.dll

Deoptimization events (20 events):
Event: 23.508 Thread 0x0000024da5600360 DEOPT PACKING pc=0x0000024d4f68dac0 sp=0x000000b3d5ffa020
Event: 23.508 Thread 0x0000024da5600360 DEOPT UNPACKING pc=0x0000024d4e9669a3 sp=0x000000b3d5ff9fb0 mode 2
Event: 23.642 Thread 0x0000024da55ff430 DEOPT PACKING pc=0x0000024d4829fc0e sp=0x000000b3d63fd2e0
Event: 23.642 Thread 0x0000024da55ff430 DEOPT UNPACKING pc=0x0000024d4e967143 sp=0x000000b3d63fc730 mode 0
Event: 23.664 Thread 0x0000024da55fdff0 Uncommon trap: trap_request=0xffffff45 fr.pc=0x0000024d4f4459b8 relative=0x0000000000000398
Event: 23.664 Thread 0x0000024da55fdff0 Uncommon trap: reason=unstable_if action=reinterpret pc=0x0000024d4f4459b8 method=java.util.concurrent.ConcurrentLinkedQueue.offer(Ljava/lang/Object;)Z @ 96 c2
Event: 23.664 Thread 0x0000024da55fdff0 DEOPT PACKING pc=0x0000024d4f4459b8 sp=0x000000b3d69fa1f0
Event: 23.664 Thread 0x0000024da55fdff0 DEOPT UNPACKING pc=0x0000024d4e9669a3 sp=0x000000b3d69fa120 mode 2
Event: 23.701 Thread 0x0000024da55fdff0 Uncommon trap: trap_request=0xffffff45 fr.pc=0x0000024d4f6b9570 relative=0x0000000000005910
Event: 23.701 Thread 0x0000024da55fdff0 Uncommon trap: reason=unstable_if action=reinterpret pc=0x0000024d4f6b9570 method=org.objectweb.asm.MethodWriter.putMethodInfo(Lorg/objectweb/asm/ByteVector;)V @ 220 c2
Event: 23.701 Thread 0x0000024da55fdff0 DEOPT PACKING pc=0x0000024d4f6b9570 sp=0x000000b3d69fada0
Event: 23.701 Thread 0x0000024da55fdff0 DEOPT UNPACKING pc=0x0000024d4e9669a3 sp=0x000000b3d69fad98 mode 2
Event: 23.770 Thread 0x0000024da5601290 Uncommon trap: trap_request=0xffffff45 fr.pc=0x0000024d4f6ccd84 relative=0x00000000000053e4
Event: 23.771 Thread 0x0000024da5601290 Uncommon trap: reason=unstable_if action=reinterpret pc=0x0000024d4f6ccd84 method=org.objectweb.asm.ClassReader.accept(Lorg/objectweb/asm/ClassVisitor;[Lorg/objectweb/asm/Attribute;I)V @ 701 c2
Event: 23.771 Thread 0x0000024da5601290 DEOPT PACKING pc=0x0000024d4f6ccd84 sp=0x000000b3d66fa9d0
Event: 23.771 Thread 0x0000024da5601290 DEOPT UNPACKING pc=0x0000024d4e9669a3 sp=0x000000b3d66fa998 mode 2
Event: 23.917 Thread 0x0000024da5601290 Uncommon trap: trap_request=0xffffff45 fr.pc=0x0000024d4f6f0e9c relative=0x000000000000689c
Event: 23.918 Thread 0x0000024da5601290 Uncommon trap: reason=unstable_if action=reinterpret pc=0x0000024d4f6f0e9c method=org.objectweb.asm.ClassWriter.toByteArray()[B @ 209 c2
Event: 23.918 Thread 0x0000024da5601290 DEOPT PACKING pc=0x0000024d4f6f0e9c sp=0x000000b3d66faa60
Event: 23.918 Thread 0x0000024da5601290 DEOPT UNPACKING pc=0x0000024d4e9669a3 sp=0x000000b3d66faa28 mode 2

Classes loaded (20 events):
Event: 18.454 Loading class sun/reflect/ReflectionFactory$1
Event: 18.454 Loading class sun/reflect/ReflectionFactory$1 done
Event: 18.455 Loading class jdk/internal/reflect/SerializationConstructorAccessorImpl
Event: 18.455 Loading class jdk/internal/reflect/SerializationConstructorAccessorImpl done
Event: 18.678 Loading class java/util/zip/ZipInputStream
Event: 18.678 Loading class java/util/zip/ZipInputStream done
Event: 18.725 Loading class java/nio/channels/Channels$1
Event: 18.726 Loading class java/nio/channels/Channels$1 done
Event: 18.856 Loading class java/nio/file/StandardCopyOption
Event: 18.856 Loading class java/nio/file/StandardCopyOption done
Event: 18.856 Loading class sun/nio/fs/WindowsFileCopy
Event: 18.857 Loading class sun/nio/fs/WindowsFileCopy done
Event: 22.313 Loading class java/lang/ProcessBuilder
Event: 22.314 Loading class java/lang/ProcessBuilder done
Event: 22.485 Loading class java/util/Collections$UnmodifiableSortedMap
Event: 22.486 Loading class java/util/Collections$UnmodifiableSortedMap done
Event: 22.490 Loading class java/util/zip/Deflater
Event: 22.490 Loading class java/util/zip/Deflater done
Event: 22.492 Loading class java/util/zip/Deflater$DeflaterZStreamRef
Event: 22.492 Loading class java/util/zip/Deflater$DeflaterZStreamRef done

Classes unloaded (17 events):
Event: 18.946 Thread 0x0000024d5dd16870 Unloading class 0x0000024d607b4400 'java/lang/invoke/LambdaForm$DMH+0x0000024d607b4400'
Event: 18.946 Thread 0x0000024d5dd16870 Unloading class 0x0000024d60785c00 'java/lang/invoke/LambdaForm$DMH+0x0000024d60785c00'
Event: 23.837 Thread 0x0000024d5dd16870 Unloading class 0x0000024d60857c00 'java/lang/invoke/LambdaForm$DMH+0x0000024d60857c00'
Event: 23.837 Thread 0x0000024d5dd16870 Unloading class 0x0000024d60857800 'java/lang/invoke/LambdaForm$DMH+0x0000024d60857800'
Event: 23.837 Thread 0x0000024d5dd16870 Unloading class 0x0000024d60857400 'java/lang/invoke/LambdaForm$DMH+0x0000024d60857400'
Event: 23.837 Thread 0x0000024d5dd16870 Unloading class 0x0000024d60857000 'java/lang/invoke/LambdaForm$DMH+0x0000024d60857000'
Event: 23.837 Thread 0x0000024d5dd16870 Unloading class 0x0000024d60856c00 'java/lang/invoke/LambdaForm$DMH+0x0000024d60856c00'
Event: 23.837 Thread 0x0000024d5dd16870 Unloading class 0x0000024d60856400 'java/lang/invoke/LambdaForm$DMH+0x0000024d60856400'
Event: 23.837 Thread 0x0000024d5dd16870 Unloading class 0x0000024d60856800 'java/lang/invoke/LambdaForm$DMH+0x0000024d60856800'
Event: 23.837 Thread 0x0000024d5dd16870 Unloading class 0x0000024d60855c00 'java/lang/invoke/LambdaForm$DMH+0x0000024d60855c00'
Event: 23.837 Thread 0x0000024d5dd16870 Unloading class 0x0000024d60856000 'java/lang/invoke/LambdaForm$DMH+0x0000024d60856000'
Event: 23.837 Thread 0x0000024d5dd16870 Unloading class 0x0000024d60855800 'java/lang/invoke/LambdaForm$DMH+0x0000024d60855800'
Event: 23.837 Thread 0x0000024d5dd16870 Unloading class 0x0000024d60855400 'java/lang/invoke/LambdaForm$DMH+0x0000024d60855400'
Event: 23.837 Thread 0x0000024d5dd16870 Unloading class 0x0000024d60855000 'java/lang/invoke/LambdaForm$DMH+0x0000024d60855000'
Event: 23.837 Thread 0x0000024d5dd16870 Unloading class 0x0000024d60854c00 'java/lang/invoke/LambdaForm$DMH+0x0000024d60854c00'
Event: 23.837 Thread 0x0000024d5dd16870 Unloading class 0x0000024d60854800 'java/lang/invoke/LambdaForm$DMH+0x0000024d60854800'
Event: 23.837 Thread 0x0000024d5dd16870 Unloading class 0x0000024d60854000 'java/lang/invoke/LambdaForm$DMH+0x0000024d60854000'

Classes redefined (0 events):
No events

Internal exceptions (20 events):
Event: 22.445 Thread 0x0000024da55fdff0 Exception <a 'sun/nio/fs/WindowsException'{0x000000008d546868}> (0x000000008d546868) 
thrown [s\src\hotspot\share\prims\jni.cpp, line 516]
Event: 22.685 Thread 0x0000024da5601290 Implicit null exception at 0x0000024d4f6031e8 to 0x0000024d4f6032a8
Event: 22.983 Thread 0x0000024da5600d80 Exception <a 'sun/nio/fs/WindowsException'{0x0000000090aa8e88}> (0x0000000090aa8e88) 
thrown [s\src\hotspot\share\prims\jni.cpp, line 516]
Event: 23.029 Thread 0x0000024da5600870 Exception <a 'sun/nio/fs/WindowsException'{0x000000008ec79fd0}> (0x000000008ec79fd0) 
thrown [s\src\hotspot\share\prims\jni.cpp, line 516]
Event: 23.075 Thread 0x0000024da55ff940 Exception <a 'sun/nio/fs/WindowsException'{0x000000009398bda8}> (0x000000009398bda8) 
thrown [s\src\hotspot\share\prims\jni.cpp, line 516]
Event: 23.159 Thread 0x0000024da56017a0 Exception <a 'sun/nio/fs/WindowsException'{0x0000000090607890}> (0x0000000090607890) 
thrown [s\src\hotspot\share\prims\jni.cpp, line 516]
Event: 23.188 Thread 0x0000024da55fdff0 Exception <a 'sun/nio/fs/WindowsException'{0x000000008f136f40}> (0x000000008f136f40) 
thrown [s\src\hotspot\share\prims\jni.cpp, line 516]
Event: 23.225 Thread 0x0000024da56030f0 Exception <a 'sun/nio/fs/WindowsException'{0x000000008eab49e0}> (0x000000008eab49e0) 
thrown [s\src\hotspot\share\prims\jni.cpp, line 516]
Event: 23.287 Thread 0x0000024da5601cb0 Exception <a 'sun/nio/fs/WindowsException'{0x0000000092ee94c0}> (0x0000000092ee94c0) 
thrown [s\src\hotspot\share\prims\jni.cpp, line 516]
Event: 23.324 Thread 0x0000024da5600870 Exception <a 'sun/nio/fs/WindowsException'{0x0000000091b4d140}> (0x0000000091b4d140) 
thrown [s\src\hotspot\share\prims\jni.cpp, line 516]
Event: 23.324 Thread 0x0000024da55ff430 Exception <a 'sun/nio/fs/WindowsException'{0x0000000091c4e620}> (0x0000000091c4e620) 
thrown [s\src\hotspot\share\prims\jni.cpp, line 516]
Event: 23.342 Thread 0x0000024da5600360 Exception <a 'sun/nio/fs/WindowsException'{0x0000000091de9740}> (0x0000000091de9740) 
thrown [s\src\hotspot\share\prims\jni.cpp, line 516]
Event: 23.343 Thread 0x0000024da5604020 Exception <a 'sun/nio/fs/WindowsException'{0x0000000091819648}> (0x0000000091819648) 
thrown [s\src\hotspot\share\prims\jni.cpp, line 516]
Event: 23.541 Thread 0x0000024da5601290 Exception <a 'sun/nio/fs/WindowsException'{0x0000000093a06e40}> (0x0000000093a06e40) 
thrown [s\src\hotspot\share\prims\jni.cpp, line 516]
Event: 23.547 Thread 0x0000024da55fdae0 Exception <a 'sun/nio/fs/WindowsException'{0x00000000939dcb90}> (0x00000000939dcb90) 
thrown [s\src\hotspot\share\prims\jni.cpp, line 516]
Event: 23.549 Thread 0x0000024da56017a0 Exception <a 'sun/nio/fs/WindowsException'{0x00000000939a16c0}> (0x00000000939a16c0) 
thrown [s\src\hotspot\share\prims\jni.cpp, line 516]
Event: 23.632 Thread 0x0000024da56030f0 Exception <a 'sun/nio/fs/WindowsException'{0x000000008f5545a8}> (0x000000008f5545a8) 
thrown [s\src\hotspot\share\prims\jni.cpp, line 516]
Event: 23.660 Thread 0x0000024da5600d80 Exception <a 'sun/nio/fs/WindowsException'{0x0000000090494868}> (0x0000000090494868) 
thrown [s\src\hotspot\share\prims\jni.cpp, line 516]
Event: 23.660 Thread 0x0000024da55fdff0 Exception <a 'sun/nio/fs/WindowsException'{0x000000008ecdd2f8}> (0x000000008ecdd2f8) 
thrown [s\src\hotspot\share\prims\jni.cpp, line 516]
Event: 23.807 Thread 0x0000024da55ff430 Exception <a 'sun/nio/fs/WindowsException'{0x0000000092e83ac0}> (0x0000000092e83ac0) 
thrown [s\src\hotspot\share\prims\jni.cpp, line 516]

VM Operations (20 events):
Event: 23.498 Executing VM operation: G1CollectForAllocation done
Event: 23.690 Executing VM operation: G1CollectForAllocation
Event: 23.699 Executing VM operation: G1CollectForAllocation done
Event: 23.727 Executing VM operation: G1TryInitiateConcMark
Event: 23.727 Executing VM operation: G1TryInitiateConcMark done
Event: 23.728 Executing VM operation: G1CollectForAllocation
Event: 23.735 Executing VM operation: G1CollectForAllocation done
Event: 23.836 Executing VM operation: G1PauseRemark
Event: 23.850 Executing VM operation: G1PauseRemark done
Event: 23.903 Executing VM operation: G1PauseCleanup
Event: 23.903 Executing VM operation: G1PauseCleanup done
Event: 23.918 Executing VM operation: HandshakeAllThreads
Event: 23.923 Executing VM operation: HandshakeAllThreads done
Event: 23.931 Executing VM operation: G1CollectForAllocation
Event: 23.931 Executing VM operation: G1CollectForAllocation done
Event: 23.931 Executing VM operation: G1CollectForAllocation
Event: 23.939 Executing VM operation: G1CollectForAllocation done
Event: 23.948 Executing VM operation: G1CollectForAllocation
Event: 23.970 Executing VM operation: G1CollectForAllocation done
Event: 23.972 Executing VM operation: G1CollectForAllocation

Memory protections (0 events):
No events

Nmethod flushes (20 events):
Event: 20.146 Thread 0x0000024d5dd35d50 flushing  nmethod 0x0000024d48253590
Event: 20.146 Thread 0x0000024d5dd35d50 flushing  nmethod 0x0000024d48253b90
Event: 20.146 Thread 0x0000024d5dd35d50 flushing  nmethod 0x0000024d4825a690
Event: 20.146 Thread 0x0000024d5dd35d50 flushing osr nmethod 0x0000024d4825b290
Event: 20.146 Thread 0x0000024d5dd35d50 flushing  nmethod 0x0000024d48264910
Event: 20.146 Thread 0x0000024d5dd35d50 flushing  nmethod 0x0000024d48274010
Event: 20.146 Thread 0x0000024d5dd35d50 flushing  nmethod 0x0000024d48280c90
Event: 20.147 Thread 0x0000024d5dd35d50 flushing  nmethod 0x0000024d482a7290
Event: 20.147 Thread 0x0000024d5dd35d50 flushing  nmethod 0x0000024d482eb510
Event: 20.148 Thread 0x0000024d5dd35d50 flushing  nmethod 0x0000024d4833ee10
Event: 20.148 Thread 0x0000024d5dd35d50 flushing  nmethod 0x0000024d4833f290
Event: 20.148 Thread 0x0000024d5dd35d50 flushing  nmethod 0x0000024d48354910
Event: 20.148 Thread 0x0000024d5dd35d50 flushing  nmethod 0x0000024d48391b90
Event: 20.148 Thread 0x0000024d5dd35d50 flushing  nmethod 0x0000024d48394210
Event: 20.148 Thread 0x0000024d5dd35d50 flushing  nmethod 0x0000024d48394690
Event: 20.148 Thread 0x0000024d5dd35d50 flushing  nmethod 0x0000024d48395410
Event: 20.148 Thread 0x0000024d5dd35d50 flushing  nmethod 0x0000024d48395d10
Event: 22.846 Thread 0x0000024d5dd35d50 flushing  nmethod 0x0000024d47872290
Event: 22.850 Thread 0x0000024d5dd35d50 flushing  nmethod 0x0000024d479e8590
Event: 22.869 Thread 0x0000024d5dd35d50 flushing  nmethod 0x0000024d48392090

Events (20 events):
Event: 21.551 Thread 0x0000024da5a84790 Thread added: 0x0000024da55ff940
Event: 21.552 Thread 0x0000024da5a84790 Thread added: 0x0000024da5600360
Event: 21.553 Thread 0x0000024da5a84790 Thread added: 0x0000024da55fcbb0
Event: 21.554 Thread 0x0000024da5a84790 Thread added: 0x0000024da55ff430
Event: 21.554 Thread 0x0000024da5a84790 Thread added: 0x0000024da5600d80
Event: 21.555 Thread 0x0000024da5a84790 Thread added: 0x0000024da5600870
Event: 21.555 Thread 0x0000024da5a84790 Thread added: 0x0000024da5601290
Event: 21.556 Thread 0x0000024da5a84790 Thread added: 0x0000024da55fdae0
Event: 21.556 Thread 0x0000024da5a84790 Thread added: 0x0000024da56017a0
Event: 21.557 Thread 0x0000024da5a84790 Thread added: 0x0000024da55fdff0
Event: 21.557 Thread 0x0000024da5a84790 Thread added: 0x0000024da5603b10
Event: 21.558 Thread 0x0000024da5a84790 Thread added: 0x0000024da5601cb0
Event: 21.559 Thread 0x0000024da5a84790 Thread added: 0x0000024da56030f0
Event: 21.560 Thread 0x0000024da5a84790 Thread added: 0x0000024da5604020
Event: 21.604 Thread 0x0000024d5dd35440 Thread added: 0x0000024da4ec57a0
Event: 21.621 Thread 0x0000024da4ec5250 Thread added: 0x0000024da4ec7780
Event: 21.630 Thread 0x0000024d5dd35440 Thread added: 0x0000024da4ec7cd0
Event: 21.699 Thread 0x0000024da6c71280 Thread added: 0x0000024da4ec6790
Event: 22.107 Thread 0x0000024d5dd35440 Thread added: 0x0000024da4ec4260
Event: 22.672 Thread 0x0000024da4ec4260 Thread added: 0x0000024da4ec5cf0


Dynamic libraries:
0x00007ff634f80000 - 0x00007ff634f8e000 	C:\Program Files\Microsoft\jdk-17.0.20.101-hotspot\bin\java.exe
0x00007ffe67570000 - 0x00007ffe677c4000 	C:\WINDOWS\SYSTEM32\ntdll.dll
0x00007ffe65d80000 - 0x00007ffe65e47000 	C:\WINDOWS\System32\KERNEL32.DLL
0x00007ffe64b90000 - 0x00007ffe64f30000 	C:\WINDOWS\System32\KERNELBASE.dll
0x00007ffe60e50000 - 0x00007ffe60ef1000 	C:\WINDOWS\SYSTEM32\apphelp.dll
0x00007ffe649c0000 - 0x00007ffe64b0a000 	C:\WINDOWS\System32\ucrtbase.dll
0x00007ffdedf70000 - 0x00007ffdedf88000 	C:\Program Files\Microsoft\jdk-17.0.20.101-hotspot\bin\jli.dll
0x00007ffdedf90000 - 0x00007ffdedfae000 	C:\Program Files\Microsoft\jdk-17.0.20.101-hotspot\bin\VCRUNTIME140.dll
0x00007ffe67360000 - 0x00007ffe6751f000 	C:\WINDOWS\System32\USER32.dll
0x00007ffe651f0000 - 0x00007ffe65217000 	C:\WINDOWS\System32\win32u.dll
0x00007ffe66ef0000 - 0x00007ffe66f1a000 	C:\WINDOWS\System32\GDI32.dll
0x00007ffe650c0000 - 0x00007ffe651e1000 	C:\WINDOWS\System32\gdi32full.dll
0x00007ffe49810000 - 0x00007ffe49aa0000 	C:\WINDOWS\WinSxS\amd64_microsoft.windows.common-controls_6595b64144ccf1df_6.0.26090.1_none_fa46c6fc12ae16b6\COMCTL32.dll
0x00007ffe652e0000 - 0x00007ffe65383000 	C:\WINDOWS\System32\msvcp_win.dll
0x00007ffe672b0000 - 0x00007ffe67359000 	C:\WINDOWS\System32\msvcrt.dll
0x00007ffe65d30000 - 0x00007ffe65d5f000 	C:\WINDOWS\System32\IMM32.DLL
0x00007ffe4bd60000 - 0x00007ffe4bd6c000 	C:\Program Files\Microsoft\jdk-17.0.20.101-hotspot\bin\vcruntime140_1.dll
0x00007ffdd1130000 - 0x00007ffdd11b9000 	C:\Program Files\Microsoft\jdk-17.0.20.101-hotspot\bin\msvcp140.dll
0x00007ffd3a1d0000 - 0x00007ffd3ae4b000 	C:\Program Files\Microsoft\jdk-17.0.20.101-hotspot\bin\server\jvm.dll
0x00007ffe65990000 - 0x00007ffe65a42000 	C:\WINDOWS\System32\ADVAPI32.dll
0x00007ffe65b70000 - 0x00007ffe65c16000 	C:\WINDOWS\System32\sechost.dll
0x00007ffe664e0000 - 0x00007ffe665f9000 	C:\WINDOWS\System32\RPCRT4.dll
0x00007ffe66460000 - 0x00007ffe664d4000 	C:\WINDOWS\System32\WS2_32.dll
0x00007ffe64860000 - 0x00007ffe648ae000 	C:\WINDOWS\SYSTEM32\POWRPROF.dll
0x00007ffe53e00000 - 0x00007ffe53e36000 	C:\WINDOWS\SYSTEM32\WINMM.dll
0x00007ffe56ae0000 - 0x00007ffe56aeb000 	C:\WINDOWS\SYSTEM32\VERSION.dll
0x00007ffe64840000 - 0x00007ffe64854000 	C:\WINDOWS\SYSTEM32\UMPDC.dll
0x00007ffe63880000 - 0x00007ffe6389a000 	C:\WINDOWS\SYSTEM32\kernel.appcore.dll
0x00007ffe4bc20000 - 0x00007ffe4bc2a000 	C:\Program Files\Microsoft\jdk-17.0.20.101-hotspot\bin\jimage.dll
0x00007ffe61f80000 - 0x00007ffe621c1000 	C:\WINDOWS\SYSTEM32\DBGHELP.DLL
0x00007ffe65f40000 - 0x00007ffe662b5000 	C:\WINDOWS\System32\combase.dll
0x00007ffe65a60000 - 0x00007ffe65b36000 	C:\WINDOWS\System32\OLEAUT32.dll
0x00007ffe51880000 - 0x00007ffe518b9000 	C:\WINDOWS\SYSTEM32\dbgcore.DLL
0x00007ffe65390000 - 0x00007ffe65429000 	C:\WINDOWS\System32\bcryptPrimitives.dll
0x00007ffe4b940000 - 0x00007ffe4b94f000 	C:\Program Files\Microsoft\jdk-17.0.20.101-hotspot\bin\instrument.dll
0x00007ffdeb110000 - 0x00007ffdeb136000 	C:\Program Files\Microsoft\jdk-17.0.20.101-hotspot\bin\java.dll
0x00007ffdcf010000 - 0x00007ffdcf0e6000 	C:\Program Files\Microsoft\jdk-17.0.20.101-hotspot\bin\jsvml.dll
0x00007ffe66800000 - 0x00007ffe66ee6000 	C:\WINDOWS\System32\SHELL32.dll
0x00007ffe627a0000 - 0x00007ffe62fcb000 	C:\WINDOWS\SYSTEM32\windows.storage.dll
0x00007ffe658b0000 - 0x00007ffe65983000 	C:\WINDOWS\System32\SHCORE.dll
0x00007ffe67240000 - 0x00007ffe6729d000 	C:\WINDOWS\System32\shlwapi.dll
0x00007ffe648e0000 - 0x00007ffe64904000 	C:\WINDOWS\SYSTEM32\profapi.dll
0x00007ffdedd90000 - 0x00007ffdedda8000 	C:\Program Files\Microsoft\jdk-17.0.20.101-hotspot\bin\zip.dll
0x00007ffdea650000 - 0x00007ffdea66b000 	C:\Program Files\Microsoft\jdk-17.0.20.101-hotspot\bin\net.dll
0x00007ffe5b840000 - 0x00007ffe5b95d000 	C:\WINDOWS\SYSTEM32\WINHTTP.dll
0x00007ffe63d60000 - 0x00007ffe63dc8000 	C:\WINDOWS\system32\mswsock.dll
0x00007ffdea630000 - 0x00007ffdea646000 	C:\Program Files\Microsoft\jdk-17.0.20.101-hotspot\bin\nio.dll
0x00007ffe35360000 - 0x00007ffe35370000 	C:\Program Files\Microsoft\jdk-17.0.20.101-hotspot\bin\verify.dll
0x00007ffde5170000 - 0x00007ffde5197000 	C:\Users\Eason\Documents\Codex\fold-poc\.gradle-local3\native\1def1411415f61bf3af743bc5b6707747c0891f09f0c88961ee8f79bc544acac\windows-amd64\native-platform.dll
0x00007ffdd57f0000 - 0x00007ffdd5868000 	C:\Users\Eason\Documents\Codex\fold-poc\.gradle-local3\native\0.2.7\x86_64-windows-gnu\gradle-fileevents.dll
0x00007ffe30c00000 - 0x00007ffe30c0a000 	C:\Program Files\Microsoft\jdk-17.0.20.101-hotspot\bin\management.dll
0x00007ffe30630000 - 0x00007ffe3063c000 	C:\Program Files\Microsoft\jdk-17.0.20.101-hotspot\bin\management_ext.dll
0x00007ffe65d70000 - 0x00007ffe65d78000 	C:\WINDOWS\System32\PSAPI.DLL
0x00007ffe63350000 - 0x00007ffe63380000 	C:\WINDOWS\SYSTEM32\IPHLPAPI.DLL
0x00007ffe667f0000 - 0x00007ffe667fa000 	C:\WINDOWS\System32\NSI.dll
0x00007ffe5b960000 - 0x00007ffe5b97c000 	C:\WINDOWS\SYSTEM32\dhcpcsvc6.DLL
0x00007ffe566d0000 - 0x00007ffe566f2000 	C:\WINDOWS\SYSTEM32\dhcpcsvc.DLL
0x00007ffe63390000 - 0x00007ffe634ab000 	C:\WINDOWS\SYSTEM32\DNSAPI.dll
0x00007ffe4aeb0000 - 0x00007ffe4aeb9000 	C:\Program Files\Microsoft\jdk-17.0.20.101-hotspot\bin\extnet.dll
0x00007ffe63fe0000 - 0x00007ffe63ffc000 	C:\WINDOWS\SYSTEM32\CRYPTSP.dll
0x00007ffe637e0000 - 0x00007ffe63818000 	C:\WINDOWS\system32\rsaenh.dll
0x00007ffe63e00000 - 0x00007ffe63e2b000 	C:\WINDOWS\SYSTEM32\USERENV.dll
0x00007ffe64220000 - 0x00007ffe64246000 	C:\WINDOWS\SYSTEM32\bcrypt.dll
0x00007ffe64000000 - 0x00007ffe6400c000 	C:\WINDOWS\SYSTEM32\CRYPTBASE.dll
0x00007ffe4aea0000 - 0x00007ffe4aeae000 	C:\Program Files\Microsoft\jdk-17.0.20.101-hotspot\bin\sunmscapi.dll
0x00007ffe64f40000 - 0x00007ffe650b6000 	C:\WINDOWS\System32\CRYPT32.dll
0x00007ffe641e0000 - 0x00007ffe64210000 	C:\WINDOWS\SYSTEM32\ncrypt.dll
0x00007ffe64190000 - 0x00007ffe641cf000 	C:\WINDOWS\SYSTEM32\NTASN1.dll
0x00007ffe46000000 - 0x00007ffe46008000 	C:\WINDOWS\system32\wshunix.dll
0x000000006d900000 - 0x000000006d926000 	C:\Program Files\Bonjour\mdnsNSP.dll
0x00007ffe53ac0000 - 0x00007ffe53acb000 	C:\Windows\System32\rasadhlp.dll
0x00007ffe5c480000 - 0x00007ffe5c505000 	C:\WINDOWS\System32\fwpuclnt.dll

dbghelp: loaded successfully - version: 4.0.5 - missing functions: none
symbol engine: initialized successfully - sym options: 0x614 - pdb path: .;C:\Program Files\Microsoft\jdk-17.0.20.101-hotspot\bin;C:\WINDOWS\SYSTEM32;C:\WINDOWS\WinSxS\amd64_microsoft.windows.common-controls_6595b64144ccf1df_6.0.26090.1_none_fa46c6fc12ae16b6;C:\Program Files\Microsoft\jdk-17.0.20.101-hotspot\bin\server;C:\Users\Eason\Documents\Codex\fold-poc\.gradle-local3\native\1def1411415f61bf3af743bc5b6707747c0891f09f0c88961ee8f79bc544acac\windows-amd64;C:\Users\Eason\Documents\Codex\fold-poc\.gradle-local3\native\0.2.7\x86_64-windows-gnu;C:\Program Files\Bonjour

VM Arguments:
jvm_args: --add-opens=java.base/java.lang=ALL-UNNAMED --add-opens=java.base/java.lang.invoke=ALL-UNNAMED --add-opens=java.base/java.util=ALL-UNNAMED --add-opens=java.prefs/java.util.prefs=ALL-UNNAMED --add-exports=jdk.compiler/com.sun.tools.javac.api=ALL-UNNAMED --add-exports=jdk.compiler/com.sun.tools.javac.util=ALL-UNNAMED --add-opens=java.base/java.util=ALL-UNNAMED --add-opens=java.prefs/java.util.prefs=ALL-UNNAMED --add-opens=java.base/java.nio.charset=ALL-UNNAMED --add-opens=java.base/java.net=ALL-UNNAMED --add-opens=java.base/java.util.concurrent.atomic=ALL-UNNAMED --add-opens=java.xml/javax.xml.namespace=ALL-UNNAMED -Xmx2g -Dfile.encoding=UTF-8 -Duser.country=CN -Duser.language=zh -Duser.variant -javaagent:C:\Users\Eason\.gradle\wrapper\dists\gradle-8.13-bin\5xuhj0ry160q40clulazy9h7d\gradle-8.13\lib\agents\gradle-instrumentation-agent-8.13.jar 
java_command: org.gradle.launcher.daemon.bootstrap.GradleDaemon 8.13
java_class_path (initial): C:\Users\Eason\.gradle\wrapper\dists\gradle-8.13-bin\5xuhj0ry160q40clulazy9h7d\gradle-8.13\lib\gradle-daemon-main-8.13.jar
Launcher Type: SUN_STANDARD

[Global flags]
     intx CICompilerCount                          = 12                                        {product} {ergonomic}
     uint ConcGCThreads                            = 3                                         {product} {ergonomic}
     uint G1ConcRefinementThreads                  = 13                                        {product} {ergonomic}
   size_t G1HeapRegionSize                         = 1048576                                   {product} {ergonomic}
    uintx GCDrainStackTargetSize                   = 64                                        {product} {ergonomic}
   size_t InitialHeapSize                          = 264241152                                 {product} {ergonomic}
   size_t MarkStackSize                            = 4194304                                   {product} {ergonomic}
   size_t MaxHeapSize                              = 2147483648                                {product} {command line}
   size_t MaxNewSize                               = 1287651328                                {product} {ergonomic}
   size_t MinHeapDeltaBytes                        = 1048576                                   {product} {ergonomic}
   size_t MinHeapSize                              = 8388608                                   {product} {ergonomic}
    uintx NonNMethodCodeHeapSize                   = 7602480                                {pd product} {ergonomic}
    uintx NonProfiledCodeHeapSize                  = 122027880                              {pd product} {ergonomic}
    uintx ProfiledCodeHeapSize                     = 122027880                              {pd product} {ergonomic}
    uintx ReservedCodeCacheSize                    = 251658240                              {pd product} {ergonomic}
     bool SegmentedCodeCache                       = true                                      {product} {ergonomic}
   size_t SoftMaxHeapSize                          = 2147483648                             {manageable} {ergonomic}
     bool UseCompressedClassPointers               = true                           {product lp64_product} {ergonomic}
     bool UseCompressedOops                        = true                           {product lp64_product} {ergonomic}
     bool UseG1GC                                  = true                                      {product} {ergonomic}
     bool UseLargePagesIndividualAllocation        = false                                  {pd product} {ergonomic}

Logging:
Log output configuration:
 #0: stdout all=warning uptime,level,tags
 #1: stderr all=off uptime,level,tags

Environment Variables:
JAVA_HOME=C:\Program Files\Microsoft\jdk-17.0.20.101-hotspot\
CLASSPATH=C:\Users\Eason\.gradle\wrapper\dists\gradle-8.13-bin\5xuhj0ry160q40clulazy9h7d\gradle-8.13\lib\gradle-gradle-cli-main-8.13.jar
PATH=C:\Users\Eason\.cache\codex-runtimes\codex-primary-runtime\dependencies\native\powershell;C:\Users\Eason\.sbx-denybin;C:\Users\Eason\.codex\tmp\arg0\codex-arg0RrX5Fl;C:\Users\Eason\.cache\codex-runtimes\codex-primary-runtime\dependencies\bin\override;C:\Program Files\Microsoft\jdk-17.0.20.101-hotspot\bin;C:\Program Files (x86)\Common Files\Oracle\Java\javapath;C:\Program Files (x86)\VMware\VMware Workstation\bin\;C:\WINDOWS\system32;C:\WINDOWS;C:\WINDOWS\System32\Wbem;C:\WINDOWS\System32\WindowsPowerShell\v1.0\;C:\WINDOWS\System32\OpenSSH\;C:\Program Files\dotnet\;C:\Users\Eason\Google\Android;D:\Program Files\Git\cmd;D:\Program Files\nodejs\;C:\Program Files\Cloudflare\Cloudflare WARP\;C:\Users\Eason\AppData\Local\Programs\Python\Python310\Scripts\;C:\Users\Eason\AppData\Local\Programs\Python\Python310\;C:\Users\Eason\.cargo\bin;C:\Users\Eason\AppData\Local\Programs\Python\Python38\Scripts\;C:\Users\Eason\AppData\Local\Programs\Python\Python38\;C:\WINDOWS\System32\OpenSSH\C:\Users\Eason\AppData\Roaming\\Aria2\maria2c.exe;C:\Users\Eason\.cache\codex-runtimes\codex-primary-runtime\dependencies\native\powershell;C:\Users\Eason\AppData\Local\Microsoft\WindowsApps;C:\Users\Eason\AppData\Roaming\npm;D:\Microsoft VS Code\bin;C:\Program Files\SnapAny\bin;C:\Users\Eason\AppData\Local\Microsoft\WinGet\Packages\Gyan.FFmpeg_Microsoft.Winget.Source_8wekyb3d8bbwe\ffmpeg-9.0.1-full_build\bin;C:\Users\Eason\.cache\codex-runtimes\codex-primary-runtime\dependencies\bin\fallback;C:\Users\Eason\.cache\codex-runtimes\codex-primary-runtime\dependencies\node\bin;C:\Users\Eason\.cache\codex-runtimes\codex-primary-runtime\dependencies\native\git\cmd;C:\Users\Eason\AppData\Local\OpenAI\Codex\bin\6fdec9b372c2c0fd;C:\Users\Eason\AppData\Local\OpenAI\Codex\bin\7ac07f4ce733f89a
USERNAME=Eason
LANG=C.UTF-8
LC_ALL=C.UTF-8
LC_CTYPE=C.UTF-8
TERM=dumb
OS=Windows_NT
PROCESSOR_IDENTIFIER=Intel64 Family 6 Model 154 Stepping 3, GenuineIntel
TMP=C:\Users\Eason\AppData\Local\Temp
TEMP=C:\Users\Eason\AppData\Local\Temp



Periodic native trim disabled


---------------  S Y S T E M  ---------------

OS:
 Windows 11 , 64 bit Build 26090 (10.0.26090.1)
OS uptime: 1 days 20:18 hours
Hyper-V role detected

CPU: total 16 (initial active 16) (8 cores per cpu, 2 threads per core) family 6 model 154 stepping 3 microcode 0x41b, cx8, cmov, fxsr, ht, mmx, 3dnowpref, sse, sse2, sse3, ssse3, sse4.1, sse4.2, popcnt, lzcnt, tsc, tscinvbit, avx, avx2, aes, erms, clmul, bmi1, bmi2, adx, sha, fma, vzeroupper, clflush, clflushopt, clwb, hv
Processor Information for processor 0
  Max Mhz: 2500, Current Mhz: 2500, Mhz Limit: 2500
Processor Information for processor 1
  Max Mhz: 2500, Current Mhz: 2500, Mhz Limit: 2500
Processor Information for processor 2
  Max Mhz: 2500, Current Mhz: 2500, Mhz Limit: 2500
Processor Information for processor 3
  Max Mhz: 2500, Current Mhz: 2500, Mhz Limit: 2500
Processor Information for processor 4
  Max Mhz: 2500, Current Mhz: 2500, Mhz Limit: 2500
Processor Information for processor 5
  Max Mhz: 2500, Current Mhz: 2500, Mhz Limit: 2500
Processor Information for processor 6
  Max Mhz: 2500, Current Mhz: 2500, Mhz Limit: 2500
Processor Information for processor 7
  Max Mhz: 2500, Current Mhz: 2500, Mhz Limit: 2500
Processor Information for processor 8
  Max Mhz: 2500, Current Mhz: 1800, Mhz Limit: 1800
Processor Information for processor 9
  Max Mhz: 2500, Current Mhz: 1500, Mhz Limit: 1800
Processor Information for processor 10
  Max Mhz: 2500, Current Mhz: 1500, Mhz Limit: 1800
Processor Information for processor 11
  Max Mhz: 2500, Current Mhz: 1800, Mhz Limit: 1800
Processor Information for processor 12
  Max Mhz: 2500, Current Mhz: 1500, Mhz Limit: 1800
Processor Information for processor 13
  Max Mhz: 2500, Current Mhz: 1500, Mhz Limit: 1800
Processor Information for processor 14
  Max Mhz: 2500, Current Mhz: 1500, Mhz Limit: 1800
Processor Information for processor 15
  Max Mhz: 2500, Current Mhz: 1500, Mhz Limit: 1800

Memory: 4k page, system-wide physical 16108M (4279M free)
TotalPageFile size 28952M (AvailPageFile size 334M)
current process WorkingSet (physical memory assigned to process): 631M, peak: 632M
current process commit charge ("private bytes"): 681M, peak: 998M

vm_info: OpenJDK 64-Bit Server VM (17.0.20.1+1-LTS) for windows-amd64 JRE (17.0.20.1+1-LTS), built on Aug 11 2026 20:17:22 by "MicrosoftCorporation" with MS VC++ 17.14 (VS2022)

END.
